{
  "properties": {
    "connectionReferences": {
      "shared_commondataserviceforapps": {
        "runtimeSource": "embedded",
        "connection": {
          "connectionReferenceLogicalName": "app_sharedcommondataserviceforapps_8a152"
        },
        "api": {
          "name": "shared_commondataserviceforapps"
        }
      }
    },
    "definition": {
      "$schema": "https://schema.management.azure.com/providers/Microsoft.Logic/schemas/2016-06-01/workflowdefinition.json#",
      "contentVersion": "1.0.0.0",
      "parameters": {
        "$authentication": {
          "defaultValue": {},
          "type": "SecureObject"
        },
        "$connections": {
          "defaultValue": {},
          "type": "Object"
        },
        "Authentication - Secret (Plaintext) (app_AuthenticationSecretPlaintext)": {
          "defaultValue": "Y-Y8Q~RJ84AHLR20jm~uTjhCHY13oIGutPY_5aBJ",
          "type": "String",
          "metadata": {
            "schemaName": "app_AuthenticationSecretPlaintext"
          }
        },
        "Authentication - Client Id (app_AuthenticationClientId)": {
          "defaultValue": "8f4c4ea3-f181-4330-954a-9f976a0ce6f7",
          "type": "String",
          "metadata": {
            "schemaName": "app_AuthenticationClientId"
          }
        },
        "SharePoint - SiteUrl (app_SharePointSiteUrl)": {
          "defaultValue": "https://josrod.sharepoint.com/sites/graph-api-automation",
          "type": "String",
          "metadata": {
            "schemaName": "app_SharePointSiteUrl"
          }
        },
        "SharePoint - List Name (app_SharePointListName)": {
          "defaultValue": "SharePoint Application Principals",
          "type": "String",
          "metadata": {
            "schemaName": "app_SharePointListName"
          }
        },
        "Authentication - Tenant Id (app_AuthenticationTenantId)": {
          "defaultValue": "1316cd1f-b0c7-4253-a7f3-ccc9041aaaf9",
          "type": "String",
          "metadata": {
            "schemaName": "app_AuthenticationTenantId"
          }
        }
      },
      "triggers": {
        "Recurrence": {
          "recurrence": {
            "frequency": "Day",
            "interval": 1,
            "timeZone": "Eastern Standard Time",
            "schedule": {
              "hours": [
                "21"
              ]
            }
          },
          "metadata": {
            "operationMetadataId": "4e0d2e5d-33c1-4e51-9aec-22f6be72e77c"
          },
          "type": "Recurrence",
          "runtimeConfiguration": {
            "concurrency": {
              "runs": 1
            }
          }
        }
      },
      "actions": {
        "Initialize_variable:_vGraphGetAllSitesEndpoint": {
          "runAfter": {
            "Initialize_variable:_vSiteId": [
              "Succeeded"
            ]
          },
          "metadata": {
            "operationMetadataId": "0645112a-a80b-4a27-9123-b1f659180e34"
          },
          "type": "InitializeVariable",
          "inputs": {
            "variables": [
              {
                "name": "vGraphGetAllSitesEndpoint",
                "type": "string",
                "value": "https://graph.microsoft.com/v1.0/sites/getallsites?$filter=isPersonalSite ne true&$top=5000&$count=true"
              }
            ]
          },
          "description": "Microsoft Graph API endpoint for retrieving all sites from all geos"
        },
        "Initialize_variable:_vSiteId": {
          "runAfter": {
            "Initialize_variable:_vClientSecret": [
              "Succeeded"
            ]
          },
          "metadata": {
            "operationMetadataId": "431dbb75-7043-4124-8188-a87f1cf5ccb4"
          },
          "type": "InitializeVariable",
          "inputs": {
            "variables": [
              {
                "name": "vSiteId",
                "type": "string",
                "value": "@{concat(uriHost(parameters('SharePoint - SiteUrl (app_SharePointSiteUrl)')),':',uriPath(parameters('SharePoint - SiteUrl (app_SharePointSiteUrl)')))}"
              }
            ]
          },
          "description": "Converts \"https://contoso.sharepoint.com/sites/teamsite\" to \"contoso.sharepoint.com:/sites/teamsite\" "
        },
        "Scope:_Retrieve_Client_Secret": {
          "actions": {
            "Perform_an_unbound_action:_Attempt_to_read_Secret_from_Azure_Key_Vault": {
              "metadata": {
                "operationMetadataId": "742da676-5110-46a0-899f-1bc64a04c9c1"
              },
              "type": "OpenApiConnection",
              "inputs": {
                "parameters": {
                  "actionName": "RetrieveEnvironmentVariableSecretValue",
                  "item/EnvironmentVariableName": "app_AuthenticationSecretAzureKeyVault"
                },
                "host": {
                  "apiId": "/providers/Microsoft.PowerApps/apis/shared_commondataserviceforapps",
                  "operationId": "PerformUnboundAction",
                  "connectionName": "shared_commondataserviceforapps"
                }
              },
              "runtimeConfiguration": {
                "secureData": {
                  "properties": [
                    "outputs"
                  ]
                }
              }
            },
            "Set_variable:_Update_vClientSecret_with_Value_Retuned_from_AKV": {
              "runAfter": {
                "Perform_an_unbound_action:_Attempt_to_read_Secret_from_Azure_Key_Vault": [
                  "Succeeded"
                ]
              },
              "metadata": {
                "operationMetadataId": "4f4c216a-1b12-4d4f-a456-e1aaec657c0f"
              },
              "type": "SetVariable",
              "inputs": {
                "name": "vClientSecret",
                "value": "@outputs('Perform_an_unbound_action:_Attempt_to_read_Secret_from_Azure_Key_Vault')?['body/EnvironmentVariableSecretValue']"
              }
            },
            "Set_variable:_Update_vClientSecret_with_Plaintext_Environment_Variable": {
              "runAfter": {
                "Perform_an_unbound_action:_Attempt_to_read_Secret_from_Azure_Key_Vault": [
                  "Failed"
                ]
              },
              "metadata": {
                "operationMetadataId": "fcba7e32-3f3f-4596-8206-1d09c91686ef"
              },
              "type": "SetVariable",
              "inputs": {
                "name": "vClientSecret",
                "value": "@parameters('Authentication - Secret (Plaintext) (app_AuthenticationSecretPlaintext)')"
              }
            }
          },
          "runAfter": {
            "Initialize_variable:_vGraphApiBatchRequests": [
              "Succeeded"
            ]
          },
          "metadata": {
            "operationMetadataId": "2190bd87-4180-4679-905a-6f7833a00415"
          },
          "type": "Scope",
          "description": "Check the app_AuthenticationSecretAzureKeyVault environment var for a AKV secret, failback to the app_AuthenticationSecretPlaintext"
        },
        "Scope:_Lookup_SharePoint_Sites_Permissions": {
          "actions": {
            "Apply_to_each:_Enumerate_Batches": {
              "foreach": "@outputs('Compose:_Chunk_Graph_Requests')",
              "actions": {
                "HTTP:_Execute_Graph_Batch_Request": {
                  "metadata": {
                    "operationMetadataId": "6b0c7895-7b78-402b-9e76-e17a5430081f"
                  },
                  "type": "Http",
                  "inputs": {
                    "uri": "https://graph.microsoft.com/v1.0/$batch",
                    "method": "POST",
                    "headers": {
                      "accept": "application/json",
                      "content-type": "application/json"
                    },
                    "body": {
                      "requests": "@items('Apply_to_each:_Enumerate_Batches')"
                    },
                    "authentication": {
                      "type": "ActiveDirectoryOAuth",
                      "tenant": "@parameters('Authentication - Tenant Id (app_AuthenticationTenantId)')",
                      "audience": "https://graph.microsoft.com",
                      "clientId": "@parameters('Authentication - Client Id (app_AuthenticationClientId)')",
                      "secret": "@variables('vClientSecret')"
                    }
                  },
                  "description": "Call Microsoft Graph to fetch all application permissions assigned to the site "
                },
                "Compose:_Batch_request_failed": {
                  "runAfter": {
                    "HTTP:_Execute_Graph_Batch_Request": [
                      "Failed"
                    ]
                  },
                  "metadata": {
                    "operationMetadataId": "0e68f89b-284d-4ef9-93f1-376f12dd2103"
                  },
                  "type": "Compose",
                  "inputs": "@body('HTTP:_Execute_Graph_Batch_Request')",
                  "description": "Track all HTTP errors "
                },
                "Filter_array:_Remove_failed_batch_responses": {
                  "runAfter": {
                    "HTTP:_Execute_Graph_Batch_Request": [
                      "Succeeded"
                    ]
                  },
                  "metadata": {
                    "operationMetadataId": "e5e56453-9670-4a8b-bcf7-c9aaa3c90cfd"
                  },
                  "type": "Query",
                  "inputs": {
                    "from": "@body('HTTP:_Execute_Graph_Batch_Request')?['responses']",
                    "where": "@equals(item()['status'], 200)"
                  },
                  "description": "Remove all responses that do not have a status of 200, some sites could read locked"
                },
                "Filter_array:_Remove_batch_responses_with_no_permissions": {
                  "runAfter": {
                    "Filter_array:_Remove_failed_batch_responses": [
                      "Succeeded"
                    ]
                  },
                  "metadata": {
                    "operationMetadataId": "a8dc520d-4b27-4f61-b93b-b69a90a16085"
                  },
                  "type": "Query",
                  "inputs": {
                    "from": "@body('Filter_array:_Remove_failed_batch_responses')",
                    "where": "@greater(length(item()['body']?['value']), 0)"
                  },
                  "description": "Remove all 200 responses that have no permissions returned"
                },
                "Select:_Create_array_of_SiteUrls": {
                  "runAfter": {
                    "Filter_array:_Remove_batch_responses_with_no_permissions": [
                      "Succeeded"
                    ]
                  },
                  "metadata": {
                    "operationMetadataId": "97e2c470-5ccc-4e1f-bda8-136c5248e2c4"
                  },
                  "type": "Select",
                  "inputs": {
                    "from": "@body('Filter_array:_Remove_batch_responses_with_no_permissions')",
                    "select": "@item()?['id']"
                  }
                },
                "Compose:_Compose_XML_Root": {
                  "runAfter": {
                    "Select:_Create_array_of_SiteUrls": [
                      "Succeeded"
                    ]
                  },
                  "metadata": {
                    "operationMetadataId": "b2191238-0ddd-44c7-af3b-c250ce4dc785"
                  },
                  "type": "Compose",
                  "inputs": {
                    "root": {
                      "data": []
                    }
                  }
                },
                "Compose:_Compose_Empty_Array": {
                  "runAfter": {
                    "Compose:_Compose_XML_Root": [
                      "Succeeded"
                    ]
                  },
                  "metadata": {
                    "operationMetadataId": "50952db6-5a1a-46a8-a56f-53e40b2f3a71"
                  },
                  "type": "Compose",
                  "inputs": [
                    ""
                  ]
                },
                "Select:_Construct_SiteUrl_and_GrantedToIdentitiesV2_JSON_object_array": {
                  "runAfter": {
                    "Compose:_Compose_Empty_Array": [
                      "Succeeded"
                    ]
                  },
                  "metadata": {
                    "operationMetadataId": "6a3fe40b-b0d6-42cc-9861-64d56de57e0f"
                  },
                  "type": "Select",
                  "inputs": {
                    "from": "@body('Filter_array:_Remove_batch_responses_with_no_permissions')",
                    "select": {
                      "GrantedToIdentitiesV2": "@setproperty(outputs('Compose:_Compose_XML_Root'), 'root', setproperty(outputs('Compose:_Compose_XML_Root')?['root'], 'data', item()?['body/value']))",
                      "SiteUrl": "@item()?['id']"
                    }
                  },
                  "description": "This creates an array of SiteID and Root JSON Object for XML"
                },
                "Select:_Construct_SiteUrl_and_ApplicationId_object_array": {
                  "runAfter": {
                    "Select:_Construct_SiteUrl_and_GrantedToIdentitiesV2_JSON_object_array": [
                      "Succeeded"
                    ]
                  },
                  "metadata": {
                    "operationMetadataId": "8415dc46-a6ac-4290-899f-9da001277af8"
                  },
                  "type": "Select",
                  "inputs": {
                    "from": "@body('Select:_Construct_SiteUrl_and_GrantedToIdentitiesV2_JSON_object_array')",
                    "select": {
                      "SiteUrl": "@item()?['SiteUrl']",
                      "ApplicationId": "@union(xpath(xml(item()?['GrantedToIdentitiesV2']), '//grantedToIdentitiesV2/application/id/text()'), outputs('Compose:_Compose_Empty_Array'))"
                    }
                  },
                  "description": "Updated XPATH to run on SiteID and JSON generated in previous select"
                },
                "Select:_Concat_SiteUrl_and_ApplicationId_strings": {
                  "runAfter": {
                    "Select:_Construct_SiteUrl_and_ApplicationId_object_array": [
                      "Succeeded"
                    ]
                  },
                  "metadata": {
                    "operationMetadataId": "0d939ed2-683e-4562-bed1-8ccdb9ad7b5b"
                  },
                  "type": "Select",
                  "inputs": {
                    "from": "@body('Select:_Construct_SiteUrl_and_ApplicationId_object_array')",
                    "select": "@join(item()?['ApplicationId'], concat('|', item()?['SiteUrl'], ','))"
                  },
                  "description": "@join(item()?['ApplicationId'], concat('|', item()?['SiteUrl'], ','))"
                },
                "Join:_Concat_Strings_With_Comma__": {
                  "runAfter": {
                    "Select:_Concat_SiteUrl_and_ApplicationId_strings": [
                      "Succeeded"
                    ]
                  },
                  "metadata": {
                    "operationMetadataId": "772e01a8-5ffc-4542-be9c-af4220146aca"
                  },
                  "type": "Join",
                  "inputs": {
                    "from": "@body('Select:_Concat_SiteUrl_and_ApplicationId_strings')",
                    "joinWith": ","
                  }
                },
                "Select:_Split_and_Expand_String_to_a_SiteUrl_and_ApplicationId_object_array": {
                  "runAfter": {
                    "Join:_Concat_Strings_With_Comma__": [
                      "Succeeded"
                    ]
                  },
                  "metadata": {
                    "operationMetadataId": "6b8470b4-60ba-4672-9667-9eb47aa20d2c"
                  },
                  "type": "Select",
                  "inputs": {
                    "from": "@split(body('Join:_Concat_Strings_With_Comma__'), ',')",
                    "select": {
                      "siteUrl": "@split(item(), '|')?[1]",
                      "applicationId": "@split(item(), '|')?[0]"
                    }
                  }
                },
                "Filter_array:_Remove_NULL_entries": {
                  "runAfter": {
                    "Select:_Split_and_Expand_String_to_a_SiteUrl_and_ApplicationId_object_array": [
                      "Succeeded"
                    ]
                  },
                  "metadata": {
                    "operationMetadataId": "6eb3e6d6-48f0-46d3-8bfd-52043c9e8435"
                  },
                  "type": "Query",
                  "inputs": {
                    "from": "@body('Select:_Split_and_Expand_String_to_a_SiteUrl_and_ApplicationId_object_array')",
                    "where": "@not(equals(item()?['siteUrl'], null))"
                  }
                },
                "Compose:_Batch_SiteUrl_and_Object_object_array": {
                  "runAfter": {
                    "Filter_array:_Remove_NULL_entries": [
                      "Succeeded"
                    ]
                  },
                  "metadata": {
                    "operationMetadataId": "d603b8fa-f792-4c4a-a2e7-b91467ffb430"
                  },
                  "type": "Compose",
                  "inputs": "@body('Filter_array:_Remove_NULL_entries')"
                }
              },
              "runAfter": {
                "Compose:_Total_Chunk_Count": [
                  "Succeeded"
                ]
              },
              "metadata": {
                "operationMetadataId": "ed9b3e35-7e7a-4b6c-afc5-52ea729757fd"
              },
              "type": "Foreach",
              "description": "Enumerate each batch of sites",
              "runtimeConfiguration": {
                "concurrency": {
                  "repetitions": 2
                }
              }
            },
            "Compose:_Total_SPO_Site_Count": {
              "metadata": {
                "operationMetadataId": "e963ab88-f626-4065-8f91-4e60af24dbb5"
              },
              "type": "Compose",
              "inputs": "@length(variables('vGraphApiBatchRequests'))"
            },
            "Compose:_Chunk_Graph_Requests": {
              "runAfter": {
                "Compose:_Total_SPO_Site_Count": [
                  "Succeeded"
                ]
              },
              "metadata": {
                "operationMetadataId": "bf5eae21-1292-4958-9004-164a682b5e79"
              },
              "type": "Compose",
              "inputs": "@chunk(variables('vGraphApiBatchRequests'),20)",
              "description": "Chunk the Graph objects into batches of 20 to use with the $batch endpoint"
            },
            "Compose:_Total_Chunk_Count": {
              "runAfter": {
                "Compose:_Chunk_Graph_Requests": [
                  "Succeeded"
                ]
              },
              "metadata": {
                "operationMetadataId": "3b815874-6b70-48a6-a838-9d6eeb06332b"
              },
              "type": "Compose",
              "inputs": "@length(outputs('Compose:_Chunk_Graph_Requests'))"
            },
            "Compose:_Join_unique_batch_results_into_single_array": {
              "runAfter": {
                "Compose:_GUID": [
                  "Succeeded"
                ]
              },
              "metadata": {
                "operationMetadataId": "7c8d7219-b065-4e32-9bf3-4e3b4631c2da"
              },
              "type": "Compose",
              "inputs": "@union(body('Filter_array:_Remove_NULL_entries'),body('Filter_array:_Remove_NULL_entries'))",
              "description": "Remove any duplicate entries"
            },
            "Compose:_GUID": {
              "runAfter": {
                "Apply_to_each:_Enumerate_Batches": [
                  "Succeeded"
                ]
              },
              "metadata": {
                "operationMetadataId": "fefc492a-1033-4983-9e55-c19f469c95c9"
              },
              "type": "Compose",
              "inputs": "@guid()",
              "description": "GUID string used for string concat"
            },
            "Compose:_Construct_SiteUrl_and_ApplicationId_object_array": {
              "runAfter": {
                "Compose:_Join_unique_batch_results_into_single_array": [
                  "Succeeded"
                ]
              },
              "metadata": {
                "operationMetadataId": "d0f46d95-33d8-4aca-a31b-1cca6f07d9e2"
              },
              "type": "Compose",
              "inputs": "@json( replace( replace( join(outputs('Compose:_Join_unique_batch_results_into_single_array'), outputs('Compose:_GUID')), concat(outputs('Compose:_GUID'),'[]'), '' ), concat(']',outputs('Compose:_GUID'),'['),',' ))",
              "description": "Use string manipulation to transform array of nested arrays to single dimension array"
            },
            "Filter_array:_Remove_any_NULL_entries": {
              "runAfter": {
                "Compose:_Construct_SiteUrl_and_ApplicationId_object_array": [
                  "Succeeded"
                ]
              },
              "metadata": {
                "operationMetadataId": "19cfd24b-a8be-4314-ab4d-23cd285e5816"
              },
              "type": "Query",
              "inputs": {
                "from": "@outputs('Compose:_Construct_SiteUrl_and_ApplicationId_object_array')",
                "where": "@not(equals(item(), null))"
              }
            }
          },
          "runAfter": {
            "Scope:_Retrieve_Tenant_SharePoint_Sites": [
              "Succeeded"
            ]
          },
          "metadata": {
            "operationMetadataId": "4e1e5708-3392-447d-8f09-3bc2ecc0161b"
          },
          "type": "Scope"
        },
        "Scope:_Retrieve_Tenant_SharePoint_Sites": {
          "actions": {
            "Do_until:_@odata.nextLink_value_is_empty": {
              "actions": {
                "HTTP:_Get_Site_Collection_URLs": {
                  "metadata": {
                    "operationMetadataId": "7ee2ec55-156a-4455-9298-8df9559c5821"
                  },
                  "type": "Http",
                  "inputs": {
                    "uri": "@variables('vGraphGetAllSitesEndpoint')",
                    "method": "GET",
                    "headers": {
                      "accept": "application/json"
                    },
                    "authentication": {
                      "type": "ActiveDirectoryOAuth",
                      "tenant": "@parameters('Authentication - Tenant Id (app_AuthenticationTenantId)')",
                      "audience": "https://graph.microsoft.com",
                      "clientId": "@parameters('Authentication - Client Id (app_AuthenticationClientId)')",
                      "secret": "@variables('vClientSecret')"
                    }
                  },
                  "description": "Get SharePoint SiteUrls from all geos"
                },
                "Set_variable:_Update_vGraphGetAllSitesEndpoint_with_@odata.nextLink": {
                  "runAfter": {
                    "HTTP:_Get_Site_Collection_URLs": [
                      "Succeeded"
                    ]
                  },
                  "metadata": {
                    "operationMetadataId": "c3ee8a72-142d-4948-a166-44acaacf397b"
                  },
                  "type": "SetVariable",
                  "inputs": {
                    "name": "vGraphGetAllSitesEndpoint",
                    "value": "@{body('HTTP:_Get_Site_Collection_URLs')?['@odata.nextLink']}"
                  },
                  "description": "Update the HTTP URL to the @odata.nextLink value"
                },
                "Select:_Generate_an_array_of_Graph_Batch_Requests": {
                  "runAfter": {
                    "Set_variable:_Update_vGraphGetAllSitesEndpoint_with_@odata.nextLink": [
                      "Succeeded"
                    ]
                  },
                  "metadata": {
                    "operationMetadataId": "fb560a96-7e5a-4f79-b303-e0e28fc7e709"
                  },
                  "type": "Select",
                  "inputs": {
                    "from": "@body('HTTP:_Get_Site_Collection_URLs')?['value']",
                    "select": {
                      "id": "@item()['webUrl']",
                      "method": "GET",
                      "url": "/sites/@{concat(uriHost(item().webUrl),':',uriPath(item().webUrl))}:/permissions?$select=id,grantedToIdentitiesV2"
                    }
                  }
                },
                "Compose:_Union_Graph_batch_requests_with_existing_array": {
                  "runAfter": {
                    "Select:_Generate_an_array_of_Graph_Batch_Requests": [
                      "Succeeded"
                    ]
                  },
                  "metadata": {
                    "operationMetadataId": "99681621-c65a-49b6-8d17-4b2af1c0e621"
                  },
                  "type": "Compose",
                  "inputs": "@union(variables('vGraphApiBatchRequests'),body('Select:_Generate_an_array_of_Graph_Batch_Requests'))"
                },
                "Set_variable:_Update_vGraphApiBatchRequests": {
                  "runAfter": {
                    "Compose:_Union_Graph_batch_requests_with_existing_array": [
                      "Succeeded"
                    ]
                  },
                  "metadata": {
                    "operationMetadataId": "afc13a73-e220-4389-9490-69bb19d623b4"
                  },
                  "type": "SetVariable",
                  "inputs": {
                    "name": "vGraphApiBatchRequests",
                    "value": "@outputs('Compose:_Union_Graph_batch_requests_with_existing_array')"
                  }
                },
                "Set_variable:_Update_vGraphGetAllSitesEndpoint_to_empty": {
                  "runAfter": {
                    "HTTP:_Get_Site_Collection_URLs": [
                      "Failed",
                      "Skipped",
                      "TimedOut"
                    ]
                  },
                  "metadata": {
                    "operationMetadataId": "94f6b953-abb9-4ba4-b31b-18eb0ecf8a80"
                  },
                  "type": "SetVariable",
                  "inputs": {
                    "name": "vGraphGetAllSitesEndpoint",
                    "value": "@{string(null)}"
                  }
                }
              },
              "expression": "@equals(variables('vGraphGetAllSitesEndpoint'), '')",
              "limit": {
                "count": 5000,
                "timeout": "PT24H"
              },
              "metadata": {
                "operationMetadataId": "b6243e3c-6da9-45ca-a8d6-87982a8df142"
              },
              "type": "Until",
              "description": "Results are paged in chunks of 100, enumerate all pages until the @odata.nextlink value is empty"
            }
          },
          "runAfter": {
            "Scope:_Retrieve_Client_Secret": [
              "Succeeded",
              "Failed"
            ]
          },
          "metadata": {
            "operationMetadataId": "9cd89e3a-e99b-4629-98b7-3c87e3513bff"
          },
          "type": "Scope",
          "description": "Retrieve all SharePoint sites from all geos "
        },
        "Initialize_variable:_vClientSecret": {
          "runAfter": {},
          "metadata": {
            "operationMetadataId": "b71e9450-f074-4221-be71-bb3a439cf6be"
          },
          "type": "InitializeVariable",
          "inputs": {
            "variables": [
              {
                "name": "vClientSecret",
                "type": "string"
              }
            ]
          },
          "description": "Azure AD App Principal Client Secret, read from KeyVault or solution environment variable"
        },
        "Initialize_variable:_vGraphApiBatchRequests": {
          "runAfter": {
            "Initialize_variable_-_vSharePointListItemsArray": [
              "Succeeded"
            ]
          },
          "metadata": {
            "operationMetadataId": "10a18592-3f0c-4c23-811e-a6d82e9fce0b"
          },
          "type": "InitializeVariable",
          "inputs": {
            "variables": [
              {
                "name": "vGraphApiBatchRequests",
                "type": "array"
              }
            ]
          }
        },
        "Scope:_Retrieve_SharePoint_List_Items": {
          "actions": {
            "Do_until:_All_SharePoint_List_Items_Returned": {
              "actions": {
                "HTTP:_Get_SharePoint_List_Items": {
                  "metadata": {
                    "operationMetadataId": "e2908e66-550c-4d99-9da2-714786543046"
                  },
                  "type": "Http",
                  "inputs": {
                    "uri": "@variables('vSharePointListItemsUrl')",
                    "method": "GET",
                    "headers": {
                      "accept": "application/json"
                    },
                    "authentication": {
                      "type": "ActiveDirectoryOAuth",
                      "tenant": "@parameters('Authentication - Tenant Id (app_AuthenticationTenantId)')",
                      "audience": "https://graph.microsoft.com",
                      "clientId": "@parameters('Authentication - Client Id (app_AuthenticationClientId)')",
                      "secret": "@variables('vClientSecret')"
                    }
                  },
                  "description": "Get all list items from the SharePoint list"
                },
                "Set_variable:_Update_vSharePointListItemsUrl_with_@odata.nextLink": {
                  "runAfter": {
                    "HTTP:_Get_SharePoint_List_Items": [
                      "Succeeded"
                    ]
                  },
                  "metadata": {
                    "operationMetadataId": "c3c4d81a-c77e-4235-a019-e6c307419651"
                  },
                  "type": "SetVariable",
                  "inputs": {
                    "name": "vSharePointListItemsUrl",
                    "value": "@{body('HTTP:_Get_SharePoint_List_Items')?['@odata.nextLink']}"
                  }
                },
                "Select:_Construct_ItemId_and_ApplicationId_object_array": {
                  "runAfter": {
                    "Set_variable:_Update_vSharePointListItemsUrl_with_@odata.nextLink": [
                      "Succeeded"
                    ]
                  },
                  "metadata": {
                    "operationMetadataId": "2c6569c6-9143-4d16-be32-5bdec173779f"
                  },
                  "type": "Select",
                  "inputs": {
                    "from": "@body('HTTP:_Get_SharePoint_List_Items')?['value']",
                    "select": {
                      "applicationId": "@item()?['fields']?['ApplicationId']",
                      "itemId": "@item()?['fields']?['Id']"
                    }
                  }
                },
                "Set_variable:_Update_vSharePointListItemsArray": {
                  "runAfter": {
                    "Compose:_Union_results_with_existing_results": [
                      "Succeeded"
                    ]
                  },
                  "metadata": {
                    "operationMetadataId": "8b6da061-f72b-4768-bd7f-f5a9340bf32b"
                  },
                  "type": "SetVariable",
                  "inputs": {
                    "name": "vSharePointListItemsArray",
                    "value": "@outputs('Compose:_Union_results_with_existing_results')"
                  }
                },
                "Compose:_Union_results_with_existing_results": {
                  "runAfter": {
                    "Select:_Construct_ItemId_and_ApplicationId_object_array": [
                      "Succeeded"
                    ]
                  },
                  "metadata": {
                    "operationMetadataId": "82dc401b-c37e-429f-b1a9-7d41f145a4d0"
                  },
                  "type": "Compose",
                  "inputs": "@union(variables('vSharePointListItemsArray'), body('Select:_Construct_ItemId_and_ApplicationId_object_array'))"
                },
                "Set_variable:_Update_vSharePointListItemsUrl_to_empty": {
                  "runAfter": {
                    "HTTP:_Get_SharePoint_List_Items": [
                      "Failed",
                      "Skipped",
                      "TimedOut"
                    ]
                  },
                  "metadata": {
                    "operationMetadataId": "53584858-bc6f-4318-a958-d3aacc7a3e35"
                  },
                  "type": "SetVariable",
                  "inputs": {
                    "name": "vSharePointListItemsUrl",
                    "value": "@{string(null)}"
                  }
                }
              },
              "expression": "@equals(variables('vSharePointListItemsUrl'), '')",
              "limit": {
                "count": 5000,
                "timeout": "PT24H"
              },
              "metadata": {
                "operationMetadataId": "caecc99f-5afd-4c95-b120-8739c39aa062"
              },
              "type": "Until"
            },
            "Compose:_List_Item_Xml": {
              "runAfter": {
                "Compose:_List_Item_Xml_Root": [
                  "Succeeded"
                ]
              },
              "metadata": {
                "operationMetadataId": "a694e4c4-cbf5-4901-bd3d-fbf4f58d8803"
              },
              "type": "Compose",
              "inputs": "@xml(outputs('Compose:_List_Item_Xml_Root'))"
            },
            "Compose:_List_Item_Xml_Root": {
              "runAfter": {
                "Do_until:_All_SharePoint_List_Items_Returned": [
                  "Succeeded"
                ]
              },
              "metadata": {
                "operationMetadataId": "05bb4d9f-14f0-4295-82e2-e22acb56cf50"
              },
              "type": "Compose",
              "inputs": {
                "root": {
                  "listItem": "@variables('vSharePointListItemsArray')"
                }
              }
            }
          },
          "runAfter": {
            "Scope:_Retrieve_Client_Secret": [
              "Succeeded",
              "Failed"
            ]
          },
          "metadata": {
            "operationMetadataId": "2360d9db-ee34-46c1-b677-3a0e050131e8"
          },
          "type": "Scope",
          "description": "Enumerate all the SharePoint list items and build a cache of ApplicationId/ItemId values "
        },
        "Scope:_Reshape_Array_Results_": {
          "actions": {
            "Select:_Merge_Arrays": {
              "metadata": {
                "operationMetadataId": "55fbb1c1-8f49-4641-aed0-5bd2837bffca"
              },
              "type": "Select",
              "inputs": {
                "from": "@body('Filter_array:_Remove_any_NULL_entries')",
                "select": {
                  "siteUrl": "@item()?['siteUrl']",
                  "applicationId": "@item()?['applicationId']",
                  "itemId": "@xpath( outputs('Compose:_List_Item_Xml'), concat( '//listItem[applicationId=''', item().applicationId, ''']/itemId/text()' ))"
                }
              }
            },
            "Select:_Construct_object_array_grouped_by_ApplicationId": {
              "runAfter": {
                "Compose:_Construct_Unique_ApplicationId_array": [
                  "Succeeded"
                ]
              },
              "metadata": {
                "operationMetadataId": "54a64069-dafa-492a-9ec0-2bf07aeecfbd"
              },
              "type": "Select",
              "inputs": {
                "from": "@outputs('Compose:_Construct_Unique_ApplicationId_array')",
                "select": {
                  "applicationId": "@item()",
                  "siteUrls": "@xpath(outputs('Compose:_Merged_Arrays_XML'), concat('//values[applicationId=''', item(), ''']/siteUrl/text()'))",
                  "itemId": "@first(xpath( outputs('Compose:_List_Item_Xml'),concat( '//listItem[applicationId=''', item(), ''']/itemId/text()' )))"
                }
              }
            },
            "Select:_Construct_ApplicationId_array": {
              "runAfter": {
                "Compose:_Merged_Arrays_XML": [
                  "Succeeded"
                ]
              },
              "metadata": {
                "operationMetadataId": "56d7789d-1fca-4ebc-bad6-106b80b3a001"
              },
              "type": "Select",
              "inputs": {
                "from": "@body('Select:_Merge_Arrays')",
                "select": "@item().applicationId"
              }
            },
            "Compose:_Construct_Unique_ApplicationId_array": {
              "runAfter": {
                "Select:_Construct_ApplicationId_array": [
                  "Succeeded"
                ]
              },
              "metadata": {
                "operationMetadataId": "eb540566-07f0-4ca1-9005-36bd0957b8d1"
              },
              "type": "Compose",
              "inputs": "@union(body('Select:_Construct_ApplicationId_array'),body('Select:_Construct_ApplicationId_array'))"
            },
            "Compose:_Merged_Arrays_XML_Root": {
              "runAfter": {
                "Select:_Merge_Arrays": [
                  "Succeeded"
                ]
              },
              "metadata": {
                "operationMetadataId": "a44e478f-928a-4d7d-af99-c18203c7df33"
              },
              "type": "Compose",
              "inputs": {
                "root": {
                  "values": "@body('Select:_Merge_Arrays')"
                }
              }
            },
            "Compose:_Merged_Arrays_XML": {
              "runAfter": {
                "Compose:_Merged_Arrays_XML_Root": [
                  "Succeeded"
                ]
              },
              "metadata": {
                "operationMetadataId": "c8c2ad3a-0bdb-4c90-8681-43a540d9a23e"
              },
              "type": "Compose",
              "inputs": "@xml(outputs('Compose:_Merged_Arrays_XML_Root'))"
            }
          },
          "runAfter": {
            "Scope:_Lookup_SharePoint_Sites_Permissions": [
              "Succeeded"
            ],
            "Scope:_Retrieve_SharePoint_List_Items": [
              "Succeeded"
            ]
          },
          "metadata": {
            "operationMetadataId": "8a697742-82b7-4718-b1cf-c510c58e8d70"
          },
          "type": "Scope"
        },
        "Scope:_Update_SharePoint_List": {
          "actions": {
            "Filter_array:_Does_Not_Exist_in_SharePoint_List": {
              "runAfter": {
                "Compose:_Result_Array": [
                  "Succeeded"
                ]
              },
              "metadata": {
                "operationMetadataId": "8453d432-40d6-4481-9e97-22f2aefa3d23"
              },
              "type": "Query",
              "inputs": {
                "from": "@outputs('Compose:_Result_Array')",
                "where": "@equals(item().itemId, null)"
              }
            },
            "Filter_array:_Exists_in_SharePoint_LIst": {
              "runAfter": {
                "Compose:_Result_Array": [
                  "Succeeded"
                ]
              },
              "metadata": {
                "operationMetadataId": "382d3c19-4f02-438b-bd5a-3b80012ebb30"
              },
              "type": "Query",
              "inputs": {
                "from": "@outputs('Compose:_Result_Array')",
                "where": "@not(equals(item().itemId, null))"
              }
            },
            "Apply_to_each:_New_SharePoint_List_Items": {
              "foreach": "@body('Filter_array:_Does_Not_Exist_in_SharePoint_List')",
              "actions": {
                "HTTP:_Create_New_SharePoint_List_Item": {
                  "metadata": {
                    "operationMetadataId": "b31cd6c1-40dc-479a-b0dd-8aa670f35989"
                  },
                  "type": "Http",
                  "inputs": {
                    "uri": "https://graph.microsoft.com/v1.0/sites/@{variables('vSiteId')}:/lists/@{parameters('SharePoint - List Name (app_SharePointListName)')}/items",
                    "method": "POST",
                    "headers": {
                      "content-type": "application/json",
                      "accept": "application/json"
                    },
                    "body": {
                      "fields": {
                        "ApplicationId": "@{ items('Apply_to_each:_New_SharePoint_List_Items').applicationId}",
                        "ObjectId": "00000000-0000-0000-0000-000000000000",
                        "ApplicationName": "NOT FOUND IN ENTRA ID",
                        "SharePointSite": "@join(items('Apply_to_each:_New_SharePoint_List_Items').siteUrls,outputs('Compose:_Line_Break'))"
                      }
                    },
                    "authentication": {
                      "type": "ActiveDirectoryOAuth",
                      "tenant": "@parameters('Authentication - Tenant Id (app_AuthenticationTenantId)')",
                      "audience": "https://graph.microsoft.com",
                      "clientId": "@parameters('Authentication - Client Id (app_AuthenticationClientId)')",
                      "secret": "@variables('vClientSecret')"
                    }
                  },
                  "description": "Add a new list item with ApplicationId and SiteUrls"
                }
              },
              "runAfter": {
                "Filter_array:_Does_Not_Exist_in_SharePoint_List": [
                  "Succeeded"
                ]
              },
              "metadata": {
                "operationMetadataId": "63f02cd6-1c9b-428f-870e-f8bcbea6f55f"
              },
              "type": "Foreach"
            },
            "Apply_to_each:_Existing_SharePoint_List_Items": {
              "foreach": "@body('Filter_array:_Exists_in_SharePoint_LIst')",
              "actions": {
                "HTTP:_Update_SharePoint_List_Item_With_SiteUrls": {
                  "metadata": {
                    "operationMetadataId": "9f660cde-52aa-4842-99ef-63e0d2c65613"
                  },
                  "type": "Http",
                  "inputs": {
                    "uri": "https://graph.microsoft.com/v1.0/sites/@{variables('vSiteId')}:/lists/@{parameters('SharePoint - List Name (app_SharePointListName)')}/items/@{ items('Apply_to_each:_Existing_SharePoint_List_Items').itemId}/fields",
                    "method": "PATCH",
                    "headers": {
                      "accept": "application/json",
                      "content-type": "application/json"
                    },
                    "body": {
                      "SharePointSite": "@join(items('Apply_to_each:_Existing_SharePoint_List_Items').siteUrls ,outputs('Compose:_Line_Break'))"
                    },
                    "authentication": {
                      "type": "ActiveDirectoryOAuth",
                      "tenant": "@parameters('Authentication - Tenant Id (app_AuthenticationTenantId)')",
                      "audience": "https://graph.microsoft.com",
                      "clientId": "@parameters('Authentication - Client Id (app_AuthenticationClientId)')",
                      "secret": "@variables('vClientSecret')"
                    }
                  },
                  "description": "Update matching list item with all SharePoint SiteUrls values"
                }
              },
              "runAfter": {
                "Filter_array:_Exists_in_SharePoint_LIst": [
                  "Succeeded"
                ]
              },
              "metadata": {
                "operationMetadataId": "f595d4db-d9a1-454b-9ffc-162602490b32"
              },
              "type": "Foreach"
            },
            "Compose:_Line_Break": {
              "metadata": {
                "operationMetadataId": "eab8ae93-4e68-4572-a794-3e39d7af8d05"
              },
              "type": "Compose",
              "inputs": "\n",
              "description": "This is a carriage returned, which is used when appending the SiteUrl list so they all appear on new lines in the SharePoint UI "
            },
            "Compose:_Result_Array": {
              "runAfter": {
                "Compose:_Line_Break": [
                  "Succeeded"
                ]
              },
              "metadata": {
                "operationMetadataId": "032da3c1-bb83-43e1-b10a-ae5d455aee96"
              },
              "type": "Compose",
              "inputs": "@body('Select:_Construct_object_array_grouped_by_ApplicationId')"
            }
          },
          "runAfter": {
            "Scope:_Reshape_Array_Results_": [
              "Succeeded"
            ]
          },
          "metadata": {
            "operationMetadataId": "dae8dfe4-ef16-433e-871e-88458a31226f"
          },
          "type": "Scope"
        },
        "Initialize_variable:_vSharePointListItemsUrl": {
          "runAfter": {
            "Initialize_variable:_vGraphGetAllSitesEndpoint": [
              "Succeeded"
            ]
          },
          "metadata": {
            "operationMetadataId": "46ed6543-77ef-4e92-82d8-c65a6ad7f929"
          },
          "type": "InitializeVariable",
          "inputs": {
            "variables": [
              {
                "name": "vSharePointListItemsUrl",
                "type": "string",
                "value": "https://graph.microsoft.com/v1.0/sites/@{variables('vSiteId')}:/lists/@{parameters('SharePoint - List Name (app_SharePointListName)')}/items?expand=fields(select=Id,ApplicationId)&$select=fields,id&$top=500"
              }
            ]
          }
        },
        "Initialize_variable_-_vSharePointListItemsArray": {
          "runAfter": {
            "Initialize_variable:_vSharePointListItemsUrl": [
              "Succeeded"
            ]
          },
          "metadata": {
            "operationMetadataId": "1b202dad-11aa-4b16-8ea0-4b80d0d2b10e"
          },
          "type": "InitializeVariable",
          "inputs": {
            "variables": [
              {
                "name": "vSharePointListItemsArray",
                "type": "array"
              }
            ]
          },
          "description": "Array of JSON objects representing each existing list item"
        }
      }
    },
    "templateName": null
  },
  "schemaVersion": "1.0.0.0"
}