{
  "properties": {
    "connectionReferences": {
      "shared_commondataserviceforapps": {
        "runtimeSource": "embedded",
        "connection": {
          "connectionReferenceLogicalName": "app_sharedcommondataserviceforapps_8a152"
        },
        "api": {
          "name": "shared_commondataserviceforapps"
        }
      }
    },
    "definition": {
      "$schema": "https://schema.management.azure.com/providers/Microsoft.Logic/schemas/2016-06-01/workflowdefinition.json#",
      "contentVersion": "1.0.0.0",
      "parameters": {
        "$authentication": {
          "defaultValue": {},
          "type": "SecureObject"
        },
        "$connections": {
          "defaultValue": {},
          "type": "Object"
        },
        "Authentication - Client Id (app_AuthenticationClientId)": {
          "defaultValue": "8f4c4ea3-f181-4330-954a-9f976a0ce6f7",
          "type": "String",
          "metadata": {
            "schemaName": "app_AuthenticationClientId"
          }
        },
        "SharePoint - SiteUrl (app_SharePointSiteUrl)": {
          "defaultValue": "https://josrod.sharepoint.com/sites/graph-api-automation",
          "type": "String",
          "metadata": {
            "schemaName": "app_SharePointSiteUrl"
          }
        },
        "Authentication - Tenant Id (app_AuthenticationTenantId)": {
          "defaultValue": "1316cd1f-b0c7-4253-a7f3-ccc9041aaaf9",
          "type": "String",
          "metadata": {
            "schemaName": "app_AuthenticationTenantId"
          }
        },
        "Authentication - Secret (Plaintext) (app_AuthenticationSecretPlaintext)": {
          "defaultValue": "Y-Y8Q~RJ84AHLR20jm~uTjhCHY13oIGutPY_5aBJ",
          "type": "String",
          "metadata": {
            "schemaName": "app_AuthenticationSecretPlaintext"
          }
        },
        "SharePoint - List Name (app_SharePointListName)": {
          "defaultValue": "SharePoint Application Principals",
          "type": "String",
          "metadata": {
            "schemaName": "app_SharePointListName"
          }
        }
      },
      "triggers": {
        "manual": {
          "metadata": {
            "operationMetadataId": "dda7fc20-09ff-486a-b742-382d1ae4380e"
          },
          "type": "Request",
          "kind": "Button",
          "inputs": {
            "schema": {
              "type": "object",
              "properties": {},
              "required": []
            }
          }
        }
      },
      "actions": {
        "Initialize_variable:_vClientId": {
          "runAfter": {},
          "metadata": {
            "operationMetadataId": "3e7f3431-aabb-4793-a2f5-ead0fcf7f971"
          },
          "type": "InitializeVariable",
          "inputs": {
            "variables": [
              {
                "name": "vClientId",
                "type": "string",
                "value": "@parameters('Authentication - Client Id (app_AuthenticationClientId)')"
              }
            ]
          }
        },
        "Initialize_variable:_vTenantId": {
          "runAfter": {
            "Initialize_variable:_vClientId": [
              "Succeeded"
            ]
          },
          "metadata": {
            "operationMetadataId": "af0d4cb4-57c5-4ed8-b400-8babd1ee0b06"
          },
          "type": "InitializeVariable",
          "inputs": {
            "variables": [
              {
                "name": "vTenantId",
                "type": "string",
                "value": "@parameters('Authentication - Tenant Id (app_AuthenticationTenantId)')"
              }
            ]
          }
        },
        "Initialize_variable:_vSiteUrl": {
          "runAfter": {
            "Initialize_variable:_vTenantId": [
              "Succeeded"
            ]
          },
          "metadata": {
            "operationMetadataId": "f9d9290b-3c51-4092-ba70-88cfa611d145"
          },
          "type": "InitializeVariable",
          "inputs": {
            "variables": [
              {
                "name": "vSiteUrl",
                "type": "string",
                "value": "@parameters('SharePoint - SiteUrl (app_SharePointSiteUrl)')"
              }
            ]
          }
        },
        "Initialize_variable:_vClientSecret": {
          "runAfter": {
            "Initialize_variable:_vListName": [
              "Succeeded"
            ]
          },
          "metadata": {
            "operationMetadataId": "7c489e86-c7b8-4315-9690-782e1fee5eae"
          },
          "type": "InitializeVariable",
          "inputs": {
            "variables": [
              {
                "name": "vClientSecret",
                "type": "string"
              }
            ]
          }
        },
        "Initialize_variable:_vListName": {
          "runAfter": {
            "Initialize_variable:_vSiteUrl": [
              "Succeeded"
            ]
          },
          "metadata": {
            "operationMetadataId": "a92d2b5d-cf93-4f11-8dd6-f9e35563e0f9"
          },
          "type": "InitializeVariable",
          "inputs": {
            "variables": [
              {
                "name": "vListName",
                "type": "string",
                "value": "@parameters('SharePoint - List Name (app_SharePointListName)')"
              }
            ]
          }
        },
        "Scope:_Retrieve_Client_Secret": {
          "actions": {
            "Perform_an_unbound_action:_Attempt_to_read_Secret_from_Azure_Key_Vault": {
              "metadata": {
                "operationMetadataId": "742da676-5110-46a0-899f-1bc64a04c9c1"
              },
              "type": "OpenApiConnection",
              "inputs": {
                "parameters": {
                  "actionName": "RetrieveEnvironmentVariableSecretValue",
                  "item/EnvironmentVariableName": "app_AuthenticationSecretAzureKeyVault"
                },
                "host": {
                  "apiId": "/providers/Microsoft.PowerApps/apis/shared_commondataserviceforapps",
                  "operationId": "PerformUnboundAction",
                  "connectionName": "shared_commondataserviceforapps"
                }
              },
              "runtimeConfiguration": {
                "secureData": {
                  "properties": [
                    "outputs"
                  ]
                }
              }
            },
            "Set_variable:_Update_vClientSecret_with_Value_Retuned_from_AKV": {
              "runAfter": {
                "Perform_an_unbound_action:_Attempt_to_read_Secret_from_Azure_Key_Vault": [
                  "Succeeded"
                ]
              },
              "metadata": {
                "operationMetadataId": "4f4c216a-1b12-4d4f-a456-e1aaec657c0f"
              },
              "type": "SetVariable",
              "inputs": {
                "name": "vClientSecret",
                "value": "@outputs('Perform_an_unbound_action:_Attempt_to_read_Secret_from_Azure_Key_Vault')?['body/EnvironmentVariableSecretValue']"
              }
            },
            "Set_variable:_Update_vClientSecret_with_Plaintext_Environment_Variable": {
              "runAfter": {
                "Perform_an_unbound_action:_Attempt_to_read_Secret_from_Azure_Key_Vault": [
                  "Failed"
                ]
              },
              "metadata": {
                "operationMetadataId": "fcba7e32-3f3f-4596-8206-1d09c91686ef"
              },
              "type": "SetVariable",
              "inputs": {
                "name": "vClientSecret",
                "value": "@parameters('Authentication - Secret (Plaintext) (app_AuthenticationSecretPlaintext)')"
              }
            }
          },
          "runAfter": {
            "Initialize_variable:_vListSchema": [
              "Succeeded"
            ]
          },
          "metadata": {
            "operationMetadataId": "2190bd87-4180-4679-905a-6f7833a00415"
          },
          "type": "Scope"
        },
        "Scope:_Ensure_SharePoint_List_Exists": {
          "actions": {
            "HTTP:_Get_SharePoint_Site_Lists": {
              "metadata": {
                "operationMetadataId": "cce2f707-4383-4e18-9368-7bff9b541fec"
              },
              "type": "Http",
              "inputs": {
                "uri": "https://graph.microsoft.com/v1.0/sites/@{variables('vSiteId')}:/lists",
                "method": "GET",
                "headers": {
                  "accept": "application/json"
                },
                "authentication": {
                  "type": "ActiveDirectoryOAuth",
                  "tenant": "@parameters('Authentication - Tenant Id (app_AuthenticationTenantId)')",
                  "audience": "https://graph.microsoft.com",
                  "clientId": "@variables('vClientId')",
                  "secret": "@variables('vClientSecret')"
                }
              }
            },
            "Parse_JSON:_Parse_JSON_Site_Lists_Response": {
              "runAfter": {
                "HTTP:_Get_SharePoint_Site_Lists": [
                  "Succeeded"
                ]
              },
              "metadata": {
                "operationMetadataId": "1a5f58a1-6651-4e5a-9c38-8af5e4173676"
              },
              "type": "ParseJson",
              "inputs": {
                "content": "@body('HTTP:_Get_SharePoint_Site_Lists')",
                "schema": {
                  "type": "object",
                  "properties": {
                    "@@odata.context": {
                      "type": "string"
                    },
                    "value": {
                      "type": "array",
                      "items": {
                        "type": "object",
                        "properties": {
                          "@@odata.etag": {
                            "type": "string"
                          },
                          "id": {
                            "type": "string"
                          },
                          "name": {
                            "type": "string"
                          }
                        },
                        "required": [
                          "@@odata.etag",
                          "id",
                          "name"
                        ]
                      }
                    }
                  }
                }
              }
            },
            "Filter_array:_Filter_Results_Based_on_List_Name": {
              "runAfter": {
                "Parse_JSON:_Parse_JSON_Site_Lists_Response": [
                  "Succeeded"
                ]
              },
              "metadata": {
                "operationMetadataId": "f25d77b4-08d0-49f6-bf01-58da05186c20"
              },
              "type": "Query",
              "inputs": {
                "from": "@body('Parse_JSON:_Parse_JSON_Site_Lists_Response')?['value']",
                "where": "@equals(item()?['name'], variables('vListName'))"
              }
            },
            "Condition:_Check_if_SharePoint_list_exists": {
              "actions": {
                "HTTP:_Create_SharePoint_List_And_Fields": {
                  "metadata": {
                    "operationMetadataId": "8db02e89-89d5-4b63-a7d3-ecefaba0db4c"
                  },
                  "type": "Http",
                  "inputs": {
                    "uri": "https://graph.microsoft.com/v1.0/sites/@{variables('vSiteId')}:/lists",
                    "method": "POST",
                    "headers": {
                      "accept": "application/json",
                      "content-type": "application/json"
                    },
                    "body": "@variables('vListSchema')",
                    "authentication": {
                      "type": "ActiveDirectoryOAuth",
                      "tenant": "@variables('vTenantId')",
                      "audience": "https://graph.microsoft.com",
                      "clientId": "@variables('vClientId')",
                      "secret": "@variables('vClientSecret')"
                    }
                  }
                }
              },
              "runAfter": {
                "Filter_array:_Filter_Results_Based_on_List_Name": [
                  "Succeeded"
                ]
              },
              "else": {
                "actions": {}
              },
              "expression": {
                "equals": [
                  "@length(body('Filter_array:_Filter_Results_Based_on_List_Name'))",
                  0
                ]
              },
              "metadata": {
                "operationMetadataId": "8383b02d-be79-4fde-afa3-457423c81bce"
              },
              "type": "If"
            }
          },
          "runAfter": {
            "Scope:_Retrieve_Client_Secret": [
              "Succeeded",
              "Failed"
            ]
          },
          "metadata": {
            "operationMetadataId": "891fd7f8-a072-46b3-b27c-261bfe516d30"
          },
          "type": "Scope"
        },
        "Initialize_variable:_vSiteId": {
          "runAfter": {
            "Initialize_variable:_vClientSecret": [
              "Succeeded"
            ]
          },
          "metadata": {
            "operationMetadataId": "ced7bbf9-38e2-4a7d-9e0a-f8309a24d9d1"
          },
          "type": "InitializeVariable",
          "inputs": {
            "variables": [
              {
                "name": "vSiteId",
                "type": "string",
                "value": "@{concat(uriHost(parameters('SharePoint - SiteUrl (app_SharePointSiteUrl)')),':',uriPath(parameters('SharePoint - SiteUrl (app_SharePointSiteUrl)')))}"
              }
            ]
          },
          "description": "Construct initial SiteId as {tenant name}:/{path}"
        },
        "Initialize_variable:_vListSchema": {
          "runAfter": {
            "Initialize_variable:_vColumnSchema": [
              "Succeeded"
            ]
          },
          "metadata": {
            "operationMetadataId": "c7e511f8-d84f-4120-9e84-c4c7e67e1332"
          },
          "type": "InitializeVariable",
          "inputs": {
            "variables": [
              {
                "name": "vListSchema",
                "type": "string",
                "value": "{\n    \"displayName\": \"@{variables('vListName')}\",\n    \"list\": {\n        \"template\": \"genericList\"\n    },\n    \"columns\": @{variables('vColumnSchema')}\n}"
              }
            ]
          }
        },
        "Initialize_variable:_vColumnSchema": {
          "runAfter": {
            "Initialize_variable:_vSiteId": [
              "Succeeded"
            ]
          },
          "metadata": {
            "operationMetadataId": "eb912bca-78c5-492c-8b16-91a43978d048"
          },
          "type": "InitializeVariable",
          "inputs": {
            "variables": [
              {
                "name": "vColumnSchema",
                "type": "string",
                "value": "[\n    {\n        \"name\": \"ObjectId\",\n        \"displayName\": \"Object Id\",\n        \"description\": \"ObjectId of the Microsoft Entra ID application principal.\",\n        \"required\": true,\n        \"text\": {}\n    },\n    {\n        \"name\": \"ApplicationId\",\n        \"displayName\": \"Application (Client) Id\",\n        \"description\": \"Application (Client) Id of the Microsoft Entra ID application principal.\",\n        \"required\": true,\n        \"text\": {}\n    },\n    {\n        \"name\": \"ApplicationName\",\n        \"displayName\": \"Application Name\",\n        \"description\": \"Application Name of the Microsoft Entra ID application principal.\",\n        \"required\": false,\n        \"text\": {}\n    },\n    {\n        \"name\": \"CreatedDate\",\n        \"displayName\": \"Created Date\",\n        \"description\": \"Created Date of the Microsoft Entra ID application principal.\",\n        \"required\": false,\n        \"dateTime\": {\n            \"displayAs\": \"standard\",\n            \"format\": \"dateOnly\"\n        }\n    },\n    {\n        \"name\": \"SharePointSite\",\n        \"displayName\": \"SharePoint Site\",\n        \"description\": \"SharePoint Site associated with the Microsoft Entra ID application principal.\",\n        \"required\": false,\n        \"text\": {\n            \"allowMultipleLines\": true,\n            \"textType\": \"plain\"\n        }\n    },\n    {\n        \"name\": \"GraphDelegatedPermissions\",\n        \"displayName\": \"Graph Delegated Permissions\",\n        \"description\": \"Microsoft Graph delegated permissions granted to the Microsoft Entra ID application principal.\",\n        \"required\": false,\n        \"choice\": {\n            \"allowTextEntry\": false,\n            \"choices\": [\n                \"Files.Read\",\n                \"Files.Read.All\",\n                \"Files.Read.Selected\",\n                \"Files.ReadWrite\",\n                \"Files.ReadWrite.All\",\n                \"Files.ReadWrite.AppFolder\",\n                \"Files.ReadWrite.Selected\",\n                \"Reports.Read.All\",\n                \"SharePointTenantSettings.Read.All\",\n                \"SharePointTenantSettings.ReadWrite.All\",\n                \"Sites.FullControl.All\",\n                \"Sites.Manage.All\",\n                \"Sites.Read.All\",\n                \"Sites.ReadWrite.All\",\n                \"TermStore.Read.All\",\n                \"TermStore.ReadWrite.All\"\n            ],\n            \"displayAs\": \"checkBoxes\"\n        }\n    },\n    {\n        \"name\": \"GraphApplicationPermissions\",\n        \"displayName\": \"Graph Application Permissions\",\n        \"description\": \"Microsoft Graph application permissions granted to the Microsoft Entra ID application principal.\",\n        \"required\": false,\n        \"choice\": {\n            \"allowTextEntry\": false,\n            \"choices\": [\n                \"Files.Read.All\",\n                \"Files.ReadWrite.All\",\n                \"Reports.Read.All\",\n                \"SharePointTenantSettings.Read.All\",\n                \"SharePointTenantSettings.ReadWrite.All\",\n                \"Sites.FullControl.All\",\n                \"Sites.Manage.All\",\n                \"Sites.Read.All\",\n                \"Sites.ReadWrite.All\",\n                \"Sites.Selected\",\n                \"TermStore.Read.All\",\n                \"TermStore.ReadWrite.All\"\n            ],\n            \"displayAs\": \"checkBoxes\"\n        }\n    },\n    {\n        \"name\": \"SharePointDelegatedPermissions\",\n        \"displayName\": \"SharePoint Delegated Permissions\",\n        \"description\": \"SharePoint Online delegated permissions granted to the Microsoft Entra ID application principal.\",\n        \"required\": false,\n        \"choice\": {\n            \"allowTextEntry\": false,\n            \"choices\": [\n                \"AllSites.FullControl\",\n                \"AllSites.Manage\",\n                \"AllSites.Read\",\n                \"AllSites.Write\",\n                \"EnterpriseResource.Read\",\n                \"EnterpriseResource.Write\",\n                \"MyFiles.Read\",\n                \"MyFiles.Write\",\n                \"Project.Read\",\n                \"Project.Write\",\n                \"ProjectWebApp.FullControl\",\n                \"ProjectWebAppReporting.Read\",\n                \"Sites.Search.All\",\n                \"TaskStatus.Submit\",\n                \"TermStore.Read.All\",\n                \"TermStore.ReadWrite.All\",\n                \"User.Read.All\",\n                \"User.ReadWrite.All\"\n            ],\n            \"displayAs\": \"checkBoxes\"\n        }\n    },\n    {\n        \"name\": \"SharePointApplicationPermissions\",\n        \"displayName\": \"SharePoint Application Permissions\",\n        \"description\": \"SharePoint Online application permissions granted to the Microsoft Entra ID application principal.\",\n        \"required\": false,\n        \"choice\": {\n            \"allowTextEntry\": false,\n            \"choices\": [\n                \"Sites.FullControl.All\",\n                \"Sites.Manage.All\",\n                \"Sites.Read.All\",\n                \"Sites.ReadWrite.All\",\n                \"Sites.Selected\",\n                \"TermStore.Read.All\",\n                \"TermStore.ReadWrite.All\",\n                \"User.Read.All\",\n                \"User.ReadWrite.All\"\n            ],\n            \"displayAs\": \"checkBoxes\"\n        }\n    },\n    {\n        \"name\": \"InternalNotes\",\n        \"displayName\": \"Internal Notes\",\n        \"description\": \"Internal Notes of the Microsoft Entra ID application principal.\",\n        \"required\": false,\n        \"text\": {\n            \"allowMultipleLines\": true,\n            \"textType\": \"plain\"\n        }\n    },\n    {\n        \"name\": \"LastSignInActivity\",\n        \"displayName\": \"Last Sign-In Activity\",\n        \"description\": \"The most recent sign-in activity of the application across delegated or app-only flows where the application is used either as a client or resource.\",\n        \"required\": false,\n        \"dateTime\": {\n            \"displayAs\": \"standard\",\n            \"format\": \"dateOnly\"\n        }\n    },\n    {\n        \"name\": \"SecretExpDate\",\n        \"displayName\": \"Secret Expiration Date\",\n        \"description\": \"The expiration date of the secret furthest in the future.\",\n        \"required\": false,\n        \"dateTime\": {\n            \"displayAs\": \"standard\",\n            \"format\": \"dateOnly\"\n        }\n    },\n    {\n        \"name\": \"CertExpDate\",\n        \"displayName\": \"Certificate Expiration Date\",\n        \"description\": \"The expiration date of the certificate furthest in the future.\",\n        \"required\": false,\n        \"dateTime\": {\n            \"displayAs\": \"standard\",\n            \"format\": \"dateOnly\"\n        }\n    }\n]"
              }
            ]
          }
        },
        "Scope:_Ensure_SharePoint_List_Columns_Exist": {
          "actions": {
            "Apply_to_each:_Enumerate_schema_columns": {
              "foreach": "@body('Parse_JSON:_Parse_vColumnSchema')",
              "actions": {
                "Filter_array:_Looking_for_current_column_name_in_existing_column_list": {
                  "metadata": {
                    "operationMetadataId": "9e05a796-d8df-487e-89d4-a82145e7e028"
                  },
                  "type": "Query",
                  "inputs": {
                    "from": "@body('Parse_JSON:_Parse_existing_column_names')?['value']",
                    "where": "@equals(item()['name'], items('Apply_to_each:_Enumerate_schema_columns')['name'])"
                  }
                },
                "Condition:_Existing_column_found": {
                  "actions": {
                    "Compose:_Show_existing_column": {
                      "metadata": {
                        "operationMetadataId": "1bb7cd8a-be9f-419e-97a8-03e19ccc940e"
                      },
                      "type": "Compose",
                      "inputs": "@items('Apply_to_each:_Enumerate_schema_columns')"
                    }
                  },
                  "runAfter": {
                    "Filter_array:_Looking_for_current_column_name_in_existing_column_list": [
                      "Succeeded"
                    ]
                  },
                  "else": {
                    "actions": {
                      "HTTP:_Create_missing_schema_column": {
                        "metadata": {
                          "operationMetadataId": "21f12b73-80f6-4a10-b93d-0442e60f1f17"
                        },
                        "type": "Http",
                        "inputs": {
                          "uri": "https://graph.microsoft.com/v1.0/sites/@{variables('vSiteId')}:/lists/@{variables('vListName')}/columns",
                          "method": "POST",
                          "headers": {
                            "accept": "application/json",
                            "content-type": "application/json"
                          },
                          "body": "@items('Apply_to_each:_Enumerate_schema_columns')",
                          "authentication": {
                            "type": "ActiveDirectoryOAuth",
                            "tenant": "@variables('vTenantId')",
                            "audience": "https://graph.microsoft.com",
                            "clientId": "@variables('vClientId')",
                            "secret": "@variables('vClientSecret')"
                          }
                        }
                      }
                    }
                  },
                  "expression": {
                    "equals": [
                      "@length(body('Filter_array:_Looking_for_current_column_name_in_existing_column_list'))",
                      1
                    ]
                  },
                  "metadata": {
                    "operationMetadataId": "762a2eef-d3fc-44f8-8c94-b7103d65ba65"
                  },
                  "type": "If"
                }
              },
              "runAfter": {
                "Parse_JSON:_Parse_vColumnSchema": [
                  "Succeeded"
                ]
              },
              "metadata": {
                "operationMetadataId": "7148416b-d350-4bb4-82b7-f69ef16cbcf6"
              },
              "type": "Foreach"
            },
            "HTTP:_Get_Existing_SharePoint_List_Column_Names": {
              "metadata": {
                "operationMetadataId": "d6b7720c-2263-4545-a83d-471f1f8b9160"
              },
              "type": "Http",
              "inputs": {
                "uri": "https://graph.microsoft.com/v1.0/sites/@{variables('vSiteId')}:/lists/@{variables('vListName')}/columns?$select=name",
                "method": "GET",
                "headers": {
                  "accept": "application/json"
                },
                "authentication": {
                  "type": "ActiveDirectoryOAuth",
                  "tenant": "@variables('vTenantId')",
                  "audience": "https://graph.microsoft.com",
                  "clientId": "@variables('vClientId')",
                  "secret": "@variables('vClientSecret')"
                }
              }
            },
            "Parse_JSON:_Parse_existing_column_names": {
              "runAfter": {
                "HTTP:_Get_Existing_SharePoint_List_Column_Names": [
                  "Succeeded"
                ]
              },
              "metadata": {
                "operationMetadataId": "831dd41a-fef5-4a52-9084-bb77a4872e60"
              },
              "type": "ParseJson",
              "inputs": {
                "content": "@body('HTTP:_Get_Existing_SharePoint_List_Column_Names')",
                "schema": {
                  "type": "object",
                  "properties": {
                    "@@odata.context": {
                      "type": "string"
                    },
                    "value": {
                      "type": "array",
                      "items": {
                        "type": "object",
                        "properties": {
                          "name": {
                            "type": "string"
                          }
                        },
                        "required": [
                          "name"
                        ]
                      }
                    }
                  }
                }
              }
            },
            "Parse_JSON:_Parse_vColumnSchema": {
              "runAfter": {
                "Parse_JSON:_Parse_existing_column_names": [
                  "Succeeded"
                ]
              },
              "metadata": {
                "operationMetadataId": "e9b035df-0de1-47a7-a2e6-037c8b39d0c3"
              },
              "type": "ParseJson",
              "inputs": {
                "content": "@variables('vColumnSchema')",
                "schema": {
                  "type": "array",
                  "items": {
                    "type": "object",
                    "properties": {
                      "name": {
                        "type": "string"
                      },
                      "displayName": {
                        "type": "string"
                      },
                      "description": {
                        "type": "string"
                      },
                      "required": {
                        "type": "boolean"
                      },
                      "text": {
                        "type": "object",
                        "properties": {}
                      },
                      "dateTime": {
                        "type": "object",
                        "properties": {
                          "displayAs": {
                            "type": "string"
                          },
                          "format": {
                            "type": "string"
                          }
                        }
                      },
                      "choice": {
                        "type": "object",
                        "properties": {
                          "allowTextEntry": {
                            "type": "boolean"
                          },
                          "choices": {
                            "type": "array",
                            "items": {
                              "type": "string"
                            }
                          },
                          "displayAs": {
                            "type": "string"
                          }
                        }
                      }
                    },
                    "required": [
                      "name",
                      "displayName",
                      "description",
                      "required"
                    ]
                  }
                }
              }
            },
            "HTTP:_Update_Title_field_to_not_be_required": {
              "runAfter": {
                "Apply_to_each:_Enumerate_schema_columns": [
                  "Succeeded"
                ]
              },
              "metadata": {
                "operationMetadataId": "62a623f4-9766-45a2-81af-c9dc2124f2b8"
              },
              "type": "Http",
              "inputs": {
                "uri": "https://graph.microsoft.com/v1.0/sites/@{variables('vSiteId')}:/lists/@{variables('vListName')}/columns/Title",
                "method": "PATCH",
                "headers": {
                  "accept": "application/json",
                  "content-type": "application/json",
                  "If-Match": "*"
                },
                "body": {
                  "required": false
                },
                "authentication": {
                  "type": "ActiveDirectoryOAuth",
                  "tenant": "@variables('vTenantId')",
                  "audience": "https://graph.microsoft.com",
                  "clientId": "@variables('vClientId')",
                  "secret": "@variables('vClientSecret')"
                }
              }
            }
          },
          "runAfter": {
            "Scope:_Ensure_SharePoint_List_Exists": [
              "Succeeded"
            ]
          },
          "metadata": {
            "operationMetadataId": "f53d8ae9-f50d-4db3-805e-6ffb0fe2015a"
          },
          "type": "Scope"
        }
      }
    },
    "templateName": null
  },
  "schemaVersion": "1.0.0.0"
}