{
  "properties": {
    "connectionReferences": {
      "shared_commondataserviceforapps": {
        "runtimeSource": "embedded",
        "connection": {
          "connectionReferenceLogicalName": "new_sharedcommondataserviceforapps_9e64f"
        },
        "api": {
          "name": "shared_commondataserviceforapps"
        }
      }
    },
    "definition": {
      "$schema": "https://schema.management.azure.com/providers/Microsoft.Logic/schemas/2016-06-01/workflowdefinition.json#",
      "contentVersion": "undefined",
      "parameters": {
        "$authentication": {
          "defaultValue": {},
          "type": "SecureObject"
        },
        "$connections": {
          "defaultValue": {},
          "type": "Object"
        },
        "Authentication - Secret (Plaintext) (app_AuthenticationSecretPlaintext)": {
          "defaultValue": "Y-Y8Q~RJ84AHLR20jm~uTjhCHY13oIGutPY_5aBJ",
          "type": "String",
          "metadata": {
            "schemaName": "app_AuthenticationSecretPlaintext"
          }
        },
        "Authentication - Client Id (app_AuthenticationClientId)": {
          "defaultValue": "8f4c4ea3-f181-4330-954a-9f976a0ce6f7",
          "type": "String",
          "metadata": {
            "schemaName": "app_AuthenticationClientId"
          }
        },
        "SharePoint - SiteUrl (app_SharePointSiteUrl)": {
          "defaultValue": "https://josrod.sharepoint.com/sites/graph-api-automation",
          "type": "String",
          "metadata": {
            "schemaName": "app_SharePointSiteUrl"
          }
        },
        "SharePoint - List Name (app_SharePointListName)": {
          "defaultValue": "SharePoint Application Principals",
          "type": "String",
          "metadata": {
            "schemaName": "app_SharePointListName"
          }
        },
        "Authentication - Tenant Id (app_AuthenticationTenantId)": {
          "defaultValue": "1316cd1f-b0c7-4253-a7f3-ccc9041aaaf9",
          "type": "String",
          "metadata": {
            "schemaName": "app_AuthenticationTenantId"
          }
        }
      },
      "triggers": {
        "Recurrence": {
          "recurrence": {
            "frequency": "Day",
            "interval": 1,
            "timeZone": "Eastern Standard Time",
            "schedule": {
              "hours": [
                "18"
              ]
            }
          },
          "metadata": {
            "operationMetadataId": "7c99537a-3836-4bba-816a-c4fb0b860efd"
          },
          "type": "Recurrence"
        }
      },
      "actions": {
        "Initialize_variable:_vGraphApplicationsEndpoint": {
          "runAfter": {
            "Initialize_variable:_vSharePointListItemsUrl": [
              "Succeeded"
            ]
          },
          "metadata": {
            "operationMetadataId": "29d37332-b58a-418a-bd36-0ef33f8034fc"
          },
          "type": "InitializeVariable",
          "inputs": {
            "variables": [
              {
                "name": "vGraphApplicationsEndpoint",
                "type": "string",
                "value": "https://graph.microsoft.com/v1.0/applications?$filter=requiredResourceAccess/any(r:r/resourceAppId eq '00000003-0000-0000-c000-000000000000') or requiredResourceAccess/any(r:r/resourceAppId eq '00000003-0000-0ff1-ce00-000000000000')&$count=true&$select=id,deletedDateTime,appId,createdDateTime,displayName,requiredResourceAccess,notes,passwordCredentials,keyCredentials&$top=999"
              }
            ]
          },
          "description": "Microsoft Graph API endpoint for retrieving all application principals from Azure AD"
        },
        "Initialize_variable_-_vSharePointListItemsArray": {
          "runAfter": {
            "Initialize_variable:_vGraphApplicationsEndpoint": [
              "Succeeded"
            ]
          },
          "metadata": {
            "operationMetadataId": "1b202dad-11aa-4b16-8ea0-4b80d0d2b10e"
          },
          "type": "InitializeVariable",
          "inputs": {
            "variables": [
              {
                "name": "vSharePointListItemsArray",
                "type": "array"
              }
            ]
          },
          "description": "Array of JSON objects representing each existing list item"
        },
        "Compose:_vSharePointOnlineAndGraphPermissionMatrix": {
          "runAfter": {
            "Initialize_variable:_vSiteId": [
              "Succeeded"
            ]
          },
          "metadata": {
            "operationMetadataId": "3bbb5414-abdd-4213-9968-f84e3aca8a6d"
          },
          "type": "Compose",
          "inputs": [
            {
              "api": "SharePoint",
              "Scope": "Delegated",
              "id": "56680e0d-d2a3-4ae1-80d8-3c4f2100e3d0",
              "displayName": "AllSites.FullControl",
              "isHighlyPrivileged": false
            },
            {
              "api": "SharePoint",
              "Scope": "Delegated",
              "id": "b3f70a70-8a4b-4f95-9573-d71c496a53f4",
              "displayName": "AllSites.Manage",
              "isHighlyPrivileged": false
            },
            {
              "api": "SharePoint",
              "Scope": "Delegated",
              "id": "4e0d77b0-96ba-4398-af14-3baa780278f4",
              "displayName": "AllSites.Read",
              "isHighlyPrivileged": false
            },
            {
              "api": "SharePoint",
              "Scope": "Delegated",
              "id": "2511a087-5795-4cae-9123-d5b7d6ec4844",
              "displayName": "AllSites.Write",
              "isHighlyPrivileged": false
            },
            {
              "api": "SharePoint",
              "Scope": "Delegated",
              "id": "b8341dab-4143-49da-8eb9-3d8c073f9e77",
              "displayName": "EnterpriseResource.Read",
              "isHighlyPrivileged": false
            },
            {
              "api": "SharePoint",
              "Scope": "Delegated",
              "id": "2511a087-5795-4cae-9123-d5b7d6ec4844",
              "displayName": "EnterpriseResource.Write",
              "isHighlyPrivileged": false
            },
            {
              "api": "SharePoint",
              "Scope": "Delegated",
              "id": "dd2c8d78-58e1-46d7-82dd-34d411282686",
              "displayName": "MyFiles.Read",
              "isHighlyPrivileged": false
            },
            {
              "api": "SharePoint",
              "Scope": "Delegated",
              "id": "2cfdc887-d7b4-4798-9b33-3d98d6b95dd2",
              "displayName": "MyFiles.Write",
              "isHighlyPrivileged": false
            },
            {
              "api": "SharePoint",
              "Scope": "Delegated",
              "id": "2beb830c-70d1-4f5b-a983-79cbdb0c6c6a",
              "displayName": "Project.Read",
              "isHighlyPrivileged": false
            },
            {
              "api": "SharePoint",
              "Scope": "Delegated",
              "id": "d75a7b17-f04e-40d9-8e35-79b949bdb891",
              "displayName": "Project.Write",
              "isHighlyPrivileged": false
            },
            {
              "api": "SharePoint",
              "Scope": "Delegated",
              "id": "e7e732bd-932b-45c4-8ce5-40d60a7daad9",
              "displayName": "ProjectWebApp.FullControl",
              "isHighlyPrivileged": false
            },
            {
              "api": "SharePoint",
              "Scope": "Delegated",
              "id": "a4c14cd7-8bd6-4337-8e87-78623dfc023b",
              "displayName": "ProjectWebAppReporting.Read",
              "isHighlyPrivileged": false
            },
            {
              "api": "SharePoint",
              "Scope": "Delegated",
              "id": "1002502a-9a71-4426-8551-69ab83452fab",
              "displayName": "Sites.Search.All",
              "isHighlyPrivileged": false
            },
            {
              "api": "SharePoint",
              "Scope": "Delegated",
              "id": "c4258712-0efb-41f1-b6bc-be58e4e32f3f",
              "displayName": "TaskStatus.Submit",
              "isHighlyPrivileged": false
            },
            {
              "api": "SharePoint",
              "Scope": "Delegated",
              "id": "a468ea40-458c-4cc2-80c4-51781af71e41",
              "displayName": "TermStore.Read.All",
              "isHighlyPrivileged": false
            },
            {
              "api": "SharePoint",
              "Scope": "Delegated",
              "id": "59a198b5-0420-45a8-ae59-6da1cb640505",
              "displayName": "TermStore.ReadWrite.All",
              "isHighlyPrivileged": false
            },
            {
              "api": "SharePoint",
              "Scope": "Delegated",
              "id": "0cea5a30-f6f8-42b5-87a0-84cc26822e02",
              "displayName": "User.Read.All",
              "isHighlyPrivileged": false
            },
            {
              "api": "SharePoint",
              "Scope": "Delegated",
              "id": "82866913-39a9-4be7-8091-f4fa781088ae",
              "displayName": "User.ReadWrite.All",
              "isHighlyPrivileged": false
            },
            {
              "api": "SharePoint",
              "Scope": "Application",
              "id": "678536fe-1083-478a-9c59-b99265e6b0d3",
              "displayName": "Sites.FullControl.All",
              "isHighlyPrivileged": true
            },
            {
              "api": "SharePoint",
              "Scope": "Application",
              "id": "9bff6588-13f2-4c48-bbf2-ddab62256b36",
              "displayName": "Sites.Manage.All",
              "isHighlyPrivileged": true
            },
            {
              "api": "SharePoint",
              "Scope": "Application",
              "id": "d13f72ca-a275-4b96-b789-48ebcc4da984",
              "displayName": "Sites.Read.All",
              "isHighlyPrivileged": false
            },
            {
              "api": "SharePoint",
              "Scope": "Application",
              "id": "fbcd29d2-fcca-4405-aded-518d457caae4",
              "displayName": "Sites.ReadWrite.All",
              "isHighlyPrivileged": true
            },
            {
              "api": "SharePoint",
              "Scope": "Application",
              "id": "20d37865-089c-4dee-8c41-6967602d4ac8",
              "displayName": "Sites.Selected",
              "isHighlyPrivileged": false
            },
            {
              "api": "SharePoint",
              "Scope": "Application",
              "id": "2a8d57a5-4090-4a41-bf1c-3c621d2ccad3",
              "displayName": "TermStore.Read.All",
              "isHighlyPrivileged": false
            },
            {
              "api": "SharePoint",
              "Scope": "Application",
              "id": "c8e3537c-ec53-43b9-bed3-b2bd3617ae97",
              "displayName": "TermStore.ReadWrite.All",
              "isHighlyPrivileged": true
            },
            {
              "api": "SharePoint",
              "Scope": "Application",
              "id": "df021288-bdef-4463-88db-98f22de89214",
              "displayName": "User.Read.All",
              "isHighlyPrivileged": false
            },
            {
              "api": "SharePoint",
              "Scope": "Application",
              "id": "741f803b-c850-494e-b5df-cde7c675a1ca",
              "displayName": "User.ReadWrite.All",
              "isHighlyPrivileged": false
            },
            {
              "api": "Microsoft Graph",
              "Scope": "Application",
              "id": "a82116e5-55eb-4c41-a434-62fe8a61c773",
              "displayName": "Sites.FullControl.All",
              "isHighlyPrivileged": true
            },
            {
              "api": "Microsoft Graph",
              "Scope": "Application",
              "id": "0c0bf378-bf22-4481-8f81-9e89a9b4960a",
              "displayName": "Sites.Manage.All",
              "isHighlyPrivileged": true
            },
            {
              "api": "Microsoft Graph",
              "Scope": "Application",
              "id": "332a536c-c7ef-4017-ab91-336970924f0d",
              "displayName": "Sites.Read.All",
              "isHighlyPrivileged": false
            },
            {
              "api": "Microsoft Graph",
              "Scope": "Application",
              "id": "9492366f-7969-46a4-8d15-ed1a20078fff",
              "displayName": "Sites.ReadWrite.All",
              "isHighlyPrivileged": true
            },
            {
              "api": "Microsoft Graph",
              "Scope": "Application",
              "id": "883ea226-0bf2-4a8f-9f9d-92c9162a727d",
              "displayName": "Sites.Selected",
              "isHighlyPrivileged": false
            },
            {
              "api": "Microsoft Graph",
              "Scope": "Application",
              "id": "ea047cc2-df29-4f3e-83a3-205de61501ca",
              "displayName": "TermStore.Read.All",
              "isHighlyPrivileged": false
            },
            {
              "api": "Microsoft Graph",
              "Scope": "Application",
              "id": "f12eb8d6-28e3-46e6-b2c0-b7e4dc69fc95",
              "displayName": "TermStore.ReadWrite.All",
              "isHighlyPrivileged": true
            },
            {
              "api": "Microsoft Graph",
              "Scope": "Application",
              "id": "01d4889c-1287-42c6-ac1f-5d1e02578ef6",
              "displayName": "Files.Read.All",
              "isHighlyPrivileged": false
            },
            {
              "api": "Microsoft Graph",
              "Scope": "Application",
              "id": "75359482-378d-4052-8f01-80520e7db3cd",
              "displayName": "Files.ReadWrite.All",
              "isHighlyPrivileged": true
            },
            {
              "api": "Microsoft Graph",
              "Scope": "Application",
              "id": "83d4163d-a2d8-4d3b-9695-4ae3ca98f888",
              "displayName": "SharePointTenantSettings.Read.All",
              "isHighlyPrivileged": false
            },
            {
              "api": "Microsoft Graph",
              "Scope": "Application",
              "id": "19b94e34-907c-4f43-bde9-38b1909ed408",
              "displayName": "SharePointTenantSettings.ReadWrite.All",
              "isHighlyPrivileged": true
            },
            {
              "api": "Microsoft Graph",
              "Scope": "Application",
              "id": "02e97553-ed7b-43d0-ab3c-f8bace0d040c",
              "displayName": "Reports.Read.All",
              "isHighlyPrivileged": false
            },
            {
              "api": "Microsoft Graph",
              "Scope": "Delegated",
              "id": "10465720-29dd-4523-a11a-6a75c743c9d9",
              "displayName": "Files.Read",
              "isHighlyPrivileged": false
            },
            {
              "api": "Microsoft Graph",
              "Scope": "Delegated",
              "id": "df85f4d6-205c-4ac5-a5ea-6bf408dba283",
              "displayName": "Files.Read.All",
              "isHighlyPrivileged": false
            },
            {
              "api": "Microsoft Graph",
              "Scope": "Delegated",
              "id": "5447fe39-cb82-4c1a-b977-520e67e724eb",
              "displayName": "Files.Read.Selected",
              "isHighlyPrivileged": false
            },
            {
              "api": "Microsoft Graph",
              "Scope": "Delegated",
              "id": "5c28f0bf-8a70-41f1-8ab2-9032436ddb65",
              "displayName": "Files.ReadWrite",
              "isHighlyPrivileged": false
            },
            {
              "api": "Microsoft Graph",
              "Scope": "Delegated",
              "id": "863451e7-0667-486c-a5d6-d135439485f0",
              "displayName": "Files.ReadWrite.All",
              "isHighlyPrivileged": false
            },
            {
              "api": "Microsoft Graph",
              "Scope": "Delegated",
              "id": "8019c312-3263-48e6-825e-2b833497195b",
              "displayName": "Files.ReadWrite.AppFolder",
              "isHighlyPrivileged": false
            },
            {
              "api": "Microsoft Graph",
              "Scope": "Delegated",
              "id": "Files.ReadWrite.Selected",
              "displayName": "17dde5bd-8c17-420f-a486-969730c1b827",
              "isHighlyPrivileged": false
            },
            {
              "api": "Microsoft Graph",
              "Scope": "Delegated",
              "id": "02e97553-ed7b-43d0-ab3c-f8bace0d040c",
              "displayName": "Reports.Read.All",
              "isHighlyPrivileged": false
            },
            {
              "api": "Microsoft Graph",
              "Scope": "Delegated",
              "id": "2ef70e10-5bfd-4ede-a5f6-67720500b258",
              "displayName": "SharePointTenantSettings.Read.All",
              "isHighlyPrivileged": false
            },
            {
              "api": "Microsoft Graph",
              "Scope": "Delegated",
              "id": "aa07f155-3612-49b8-a147-6c590df35536",
              "displayName": "SharePointTenantSettings.ReadWrite.All",
              "isHighlyPrivileged": false
            },
            {
              "api": "Microsoft Graph",
              "Scope": "Delegated",
              "id": "5a54b8b3-347c-476d-8f8e-42d5c7424d29",
              "displayName": "Sites.FullControl.All",
              "isHighlyPrivileged": false
            },
            {
              "api": "Microsoft Graph",
              "Scope": "Delegated",
              "id": "65e50fdc-43b7-4915-933e-e8138f11f40a",
              "displayName": "Sites.Manage.All",
              "isHighlyPrivileged": false
            },
            {
              "api": "Microsoft Graph",
              "Scope": "Delegated",
              "id": "205e70e5-aba6-4c52-a976-6d2d46c48043",
              "displayName": "Sites.Read.All",
              "isHighlyPrivileged": false
            },
            {
              "api": "Microsoft Graph",
              "Scope": "Delegated",
              "id": "89fe6a52-be36-487e-b7d8-d061c450a026",
              "displayName": "Sites.ReadWrite.All",
              "isHighlyPrivileged": false
            },
            {
              "api": "Microsoft Graph",
              "Scope": "Delegated",
              "id": "297f747b-0005-475b-8fef-c890f5152b38",
              "displayName": "TermStore.Read.All",
              "isHighlyPrivileged": false
            },
            {
              "api": "Microsoft Graph",
              "Scope": "Delegated",
              "id": "6c37c71d-f50f-4bff-8fd3-8a41da390140",
              "displayName": "TermStore.ReadWrite.All",
              "isHighlyPrivileged": false
            },
            {
              "api": "Microsoft Graph",
              "Scope": "Delegated",
              "id": "f89c84ef-20d0-4b54-87e9-02e856d66d53",
              "displayName": "Sites.Selected",
              "isHighlyPrivileged": false
            }
          ],
          "description": "JSON mapping of all Graph and SharePoint Permissions in scope to report.  DisplayName values map to choice field values"
        },
        "Initialize_variable:_vSiteId": {
          "runAfter": {
            "Initialize_variable:_vSiteUrl": [
              "Succeeded"
            ]
          },
          "metadata": {
            "operationMetadataId": "81146c75-a38e-483d-a289-8dd5b6c2da54"
          },
          "type": "InitializeVariable",
          "inputs": {
            "variables": [
              {
                "name": "vSiteId",
                "type": "string",
                "value": "@{concat(uriHost(variables('vSiteUrl')),':',uriPath(variables('vSiteUrl')))}"
              }
            ]
          },
          "description": "Converts \"https://contoso.sharepoint.com/sites/teamsite\" to \"contoso.sharepoint.com:/sites/teamsite\" "
        },
        "Initialize_variable:_vSiteUrl": {
          "runAfter": {
            "Initialize_variable:_vClientSecret": [
              "Succeeded"
            ]
          },
          "metadata": {
            "operationMetadataId": "84252b53-d29e-44c7-904a-33b92f4e66e5"
          },
          "type": "InitializeVariable",
          "inputs": {
            "variables": [
              {
                "name": "vSiteUrl",
                "type": "string",
                "value": "@parameters('SharePoint - SiteUrl (app_SharePointSiteUrl)')"
              }
            ]
          },
          "description": "Full URL of the SharePoint site containing the SharePoint list storing the information"
        },
        "Scope:_Retrieve_Client_Secret": {
          "actions": {
            "Perform_an_unbound_action:_Attempt_to_read_Secret_from_Azure_Key_Vault": {
              "metadata": {
                "operationMetadataId": "742da676-5110-46a0-899f-1bc64a04c9c1"
              },
              "type": "OpenApiConnection",
              "inputs": {
                "parameters": {
                  "actionName": "RetrieveEnvironmentVariableSecretValue",
                  "item/EnvironmentVariableName": "app_AuthenticationSecretAzureKeyVault"
                },
                "host": {
                  "apiId": "/providers/Microsoft.PowerApps/apis/shared_commondataserviceforapps",
                  "operationId": "PerformUnboundAction",
                  "connectionName": "shared_commondataserviceforapps"
                }
              },
              "runtimeConfiguration": {
                "secureData": {
                  "properties": [
                    "outputs"
                  ]
                }
              }
            },
            "Set_variable:_Update_vClientSecret_with_Value_Retuned_from_AKV": {
              "runAfter": {
                "Perform_an_unbound_action:_Attempt_to_read_Secret_from_Azure_Key_Vault": [
                  "Succeeded"
                ]
              },
              "metadata": {
                "operationMetadataId": "4f4c216a-1b12-4d4f-a456-e1aaec657c0f"
              },
              "type": "SetVariable",
              "inputs": {
                "name": "vClientSecret",
                "value": "@outputs('Perform_an_unbound_action:_Attempt_to_read_Secret_from_Azure_Key_Vault')?['body/EnvironmentVariableSecretValue']"
              }
            },
            "Set_variable:_Update_vClientSecret_with_Plaintext_Environment_Variable": {
              "runAfter": {
                "Perform_an_unbound_action:_Attempt_to_read_Secret_from_Azure_Key_Vault": [
                  "Failed"
                ]
              },
              "metadata": {
                "operationMetadataId": "fcba7e32-3f3f-4596-8206-1d09c91686ef"
              },
              "type": "SetVariable",
              "inputs": {
                "name": "vClientSecret",
                "value": "@parameters('Authentication - Secret (Plaintext) (app_AuthenticationSecretPlaintext)')"
              }
            }
          },
          "runAfter": {
            "Initialize_variable:_vAppRegistrationsArray": [
              "Succeeded"
            ]
          },
          "metadata": {
            "operationMetadataId": "2190bd87-4180-4679-905a-6f7833a00415"
          },
          "type": "Scope",
          "description": "Check the app_AuthenticationSecretAzureKeyVault environment var for a AKV secret, failback to the app_AuthenticationSecretPlaintext"
        },
        "Initialize_variable:_vClientSecret": {
          "runAfter": {},
          "metadata": {
            "operationMetadataId": "efff0774-f969-43a5-8ee2-c43b6653874b"
          },
          "type": "InitializeVariable",
          "inputs": {
            "variables": [
              {
                "name": "vClientSecret",
                "type": "string"
              }
            ]
          },
          "description": "Azure AD App Principal Client Secret, read from KeyVault or solution environment variable"
        },
        "Scope:_Sync_Entra_Id_App_Registrations": {
          "actions": {
            "Do_until_-_All_Entra_Id_App_Registrations_Returned": {
              "actions": {
                "Set_variable:_Update_vGraphApplicationsEndpoint_with_odata.nextLink": {
                  "runAfter": {
                    "HTTP:_Get_Entra_Id_Application_Registrations": [
                      "Succeeded"
                    ]
                  },
                  "metadata": {
                    "operationMetadataId": "9f25aa17-de3c-4a22-9660-9d65c43b5620"
                  },
                  "type": "SetVariable",
                  "inputs": {
                    "name": "vGraphApplicationsEndpoint",
                    "value": "@{body('HTTP:_Get_Entra_Id_Application_Registrations')?['@odata.nextLink']}"
                  },
                  "description": "Update GraphApplicationsEndpoint variable with the value from @odata.nextLink"
                },
                "HTTP:_Get_Entra_Id_Application_Registrations": {
                  "metadata": {
                    "operationMetadataId": "5b7bdedc-a785-41a1-b1fd-f74b202799e5"
                  },
                  "type": "Http",
                  "inputs": {
                    "uri": "@variables('vGraphApplicationsEndpoint')",
                    "method": "GET",
                    "headers": {
                      "accept": "application/json",
                      "ConsistencyLevel": "eventual"
                    },
                    "authentication": {
                      "type": "ActiveDirectoryOAuth",
                      "tenant": "@parameters('Authentication - Tenant Id (app_AuthenticationTenantId)')",
                      "audience": "https://graph.microsoft.com",
                      "clientId": "@parameters('Authentication - Client Id (app_AuthenticationClientId)')",
                      "secret": "@variables('vClientSecret')"
                    }
                  },
                  "description": "Requires Microsoft Graph > Application > Application.Read.All permissions"
                },
                "Select:_Create_App_Registration_Object": {
                  "runAfter": {
                    "Compose:_App_Registration_XML": [
                      "Succeeded"
                    ]
                  },
                  "metadata": {
                    "operationMetadataId": "e70b6bad-4ca8-45a0-b127-64f242e0d15c"
                  },
                  "type": "Select",
                  "inputs": {
                    "from": "@body('HTTP:_Get_Entra_Id_Application_Registrations')?['value']",
                    "select": {
                      "objectId": "@item()?['id']",
                      "applicationId": "@item()?['appId']",
                      "applicationName": "@item()?['displayName']",
                      "createdDate": "@item()?['createdDateTime']",
                      "internalNotes": "@item()?['notes']",
                      "spoApplicationPermissions": "@xpath( outputs('Compose:_App_Registration_XML'), concat( '//registrations[id=''', item()?['id'], ''']/requiredResourceAccess[resourceAppId=''00000003-0000-0ff1-ce00-000000000000'' and resourceAccess/type = ''Role'']/resourceAccess/id/text()'))",
                      "spoDelegatedPermissions": "@xpath( outputs('Compose:_App_Registration_XML'), concat( '//registrations[id=''', item()?['id'], ''']/requiredResourceAccess[resourceAppId=''00000003-0000-0ff1-ce00-000000000000'' and resourceAccess/type = ''Scope_-_Remove_existing_list_items_with_no_permissions_'']/resourceAccess/id/text()'))",
                      "graphApplicationPermissions": "@intersection( xpath( outputs('Compose:_App_Registration_XML'), concat( '//registrations[id=''', item()?['id'], ''']/requiredResourceAccess[resourceAppId=''00000003-0000-0000-c000-000000000000'' and resourceAccess/type = ''Role'']/resourceAccess/id/text()')), body('Select:_Permission_Ids'))",
                      "graphDelegatedPermissions": "@intersection( xpath( outputs('Compose:_App_Registration_XML'), concat( '//registrations[id=''', item()?['id'], ''']/requiredResourceAccess[resourceAppId=''00000003-0000-0000-c000-000000000000'' and resourceAccess/type = ''Scope_-_Remove_existing_list_items_with_no_permissions_'']/resourceAccess/id/text()')), body('Select:_Permission_Ids'))",
                      "certificateEndDateTime": "@if(empty(last(sort(xpath( outputs('Compose:_App_Registration_XML'), concat( '//registrations[id=''', item()?['id'], ''']/keyCredentials/endDateTime/text()'))))),null,last(sort(xpath( outputs('Compose:_App_Registration_XML'), concat( '//registrations[id=''', item()?['id'], ''']/keyCredentials/endDateTime/text()')))))",
                      "secretEndDateTime": "@if(empty(last(sort(xpath( outputs('Compose:_App_Registration_XML'), concat( '//registrations[id=''', item()?['id'], ''']/passwordCredentials/endDateTime/text()'))))),null,last(sort(xpath( outputs('Compose:_App_Registration_XML'), concat( '//registrations[id=''', item()?['id'], ''']/passwordCredentials/endDateTime/text()')))))"
                    }
                  }
                },
                "Compose:_Union_Previous_Page_Results_with_Current_Page_Results": {
                  "runAfter": {
                    "Filter_array:_Remove_App_Regs_With_Zero_Applicable_Permissions_": [
                      "Succeeded"
                    ]
                  },
                  "metadata": {
                    "operationMetadataId": "e37a3a3a-e626-4f46-99b5-a0403c3bc43f"
                  },
                  "type": "Compose",
                  "inputs": "@union(variables('vAppRegistrationsArray'),body('Filter_array:_Remove_App_Regs_With_Zero_Applicable_Permissions_'))"
                },
                "Set_variable:_Update_App_Registration_Array_With_Updated_Array": {
                  "runAfter": {
                    "Compose:_Union_Previous_Page_Results_with_Current_Page_Results": [
                      "Succeeded"
                    ]
                  },
                  "metadata": {
                    "operationMetadataId": "65d31aa5-a092-44ce-bb94-09c5324136b7"
                  },
                  "type": "SetVariable",
                  "inputs": {
                    "name": "vAppRegistrationsArray",
                    "value": "@outputs('Compose:_Union_Previous_Page_Results_with_Current_Page_Results')"
                  }
                },
                "Compose:_App_Registration_XML": {
                  "runAfter": {
                    "Compose:_App_Registration_XML_Root": [
                      "Succeeded"
                    ]
                  },
                  "metadata": {
                    "operationMetadataId": "4a0ae23c-d802-48cc-b5b4-aa488850302f"
                  },
                  "type": "Compose",
                  "inputs": "@xml(outputs('Compose:_App_Registration_XML_Root'))"
                },
                "Compose:_App_Registration_XML_Root": {
                  "runAfter": {
                    "Set_variable:_Update_vGraphApplicationsEndpoint_with_odata.nextLink": [
                      "Succeeded"
                    ]
                  },
                  "metadata": {
                    "operationMetadataId": "6be6c3f6-809b-437c-9518-7e73afb8de6d"
                  },
                  "type": "Compose",
                  "inputs": {
                    "root": {
                      "registrations": "@body('HTTP:_Get_Entra_Id_Application_Registrations')?['value']"
                    }
                  }
                },
                "Filter_array:_Remove_App_Regs_With_Zero_Applicable_Permissions_": {
                  "runAfter": {
                    "Select:_Create_App_Registration_Object": [
                      "Succeeded"
                    ]
                  },
                  "metadata": {
                    "operationMetadataId": "e161264e-ea64-4442-8542-e60ab68f7781"
                  },
                  "type": "Query",
                  "inputs": {
                    "from": "@body('Select:_Create_App_Registration_Object')",
                    "where": "@greater(add(add(length(item().spoApplicationPermissions), length(item().spoDelegatedPermissions)), add(length(item().graphApplicationPermissions), length(item().graphDelegatedPermissions))), 0)"
                  }
                },
                "Set_variable:_Update_vGraphApplicationsEndpoint_to_empty_string": {
                  "runAfter": {
                    "HTTP:_Get_Entra_Id_Application_Registrations": [
                      "Failed",
                      "Skipped",
                      "TimedOut"
                    ]
                  },
                  "metadata": {
                    "operationMetadataId": "f4cb0fe1-e624-40ef-b002-1274cd509572"
                  },
                  "type": "SetVariable",
                  "inputs": {
                    "name": "vGraphApplicationsEndpoint",
                    "value": "@{string(null)}"
                  }
                }
              },
              "expression": "@equals(variables('vGraphApplicationsEndpoint'), '')",
              "limit": {
                "count": 5000,
                "timeout": "PT24H"
              },
              "metadata": {
                "operationMetadataId": "7683e6ea-d0e9-4335-b57a-cdc6376b7175"
              },
              "type": "Until",
              "description": "Results are paged in chunks of 100, enumerate all pages until the @odata.nextlink value is empty"
            }
          },
          "runAfter": {
            "Scope:_Retrieve_Client_Secret": [
              "Succeeded",
              "Failed"
            ]
          },
          "metadata": {
            "operationMetadataId": "5d3dcd1a-3e90-49af-a812-7a884b818e1b"
          },
          "type": "Scope"
        },
        "Initialize_variable:_vAppRegistrationsArray": {
          "runAfter": {
            "Initialize_variable_-_vSharePointListItemsArray": [
              "Succeeded"
            ]
          },
          "metadata": {
            "operationMetadataId": "19dd4a20-1010-46bc-926b-42e4bad4a1b0"
          },
          "type": "InitializeVariable",
          "inputs": {
            "variables": [
              {
                "name": "vAppRegistrationsArray",
                "type": "array"
              }
            ]
          }
        },
        "Scope:_Get_SharePoint_List_Items": {
          "actions": {
            "Do_until:_All_SharePoint_List_Items_Returned": {
              "actions": {
                "HTTP:_Get_SharePoint_List_Items": {
                  "metadata": {
                    "operationMetadataId": "e2908e66-550c-4d99-9da2-714786543046"
                  },
                  "type": "Http",
                  "inputs": {
                    "uri": "@variables('vSharePointListItemsUrl')",
                    "method": "GET",
                    "headers": {
                      "accept": "application/json"
                    },
                    "authentication": {
                      "type": "ActiveDirectoryOAuth",
                      "tenant": "@parameters('Authentication - Tenant Id (app_AuthenticationTenantId)')",
                      "audience": "https://graph.microsoft.com",
                      "clientId": "@parameters('Authentication - Client Id (app_AuthenticationClientId)')",
                      "secret": "@variables('vClientSecret')"
                    }
                  },
                  "description": "Get all list items from the SharePoint list"
                },
                "Set_variable:_Update_vSharePointListItemsUrl_with_@odata.nextLink": {
                  "runAfter": {
                    "HTTP:_Get_SharePoint_List_Items": [
                      "Succeeded"
                    ]
                  },
                  "metadata": {
                    "operationMetadataId": "c3c4d81a-c77e-4235-a019-e6c307419651"
                  },
                  "type": "SetVariable",
                  "inputs": {
                    "name": "vSharePointListItemsUrl",
                    "value": "@{body('HTTP:_Get_SharePoint_List_Items')?['@odata.nextLink']}"
                  }
                },
                "Select:_Construct_ItemId_and_ApplicationId_object_array": {
                  "runAfter": {
                    "Set_variable:_Update_vSharePointListItemsUrl_with_@odata.nextLink": [
                      "Succeeded"
                    ]
                  },
                  "metadata": {
                    "operationMetadataId": "2c6569c6-9143-4d16-be32-5bdec173779f"
                  },
                  "type": "Select",
                  "inputs": {
                    "from": "@body('HTTP:_Get_SharePoint_List_Items')?['value']",
                    "select": {
                      "applicationId": "@item()?['fields']?['ApplicationId']",
                      "itemId": "@item()?['fields']?['Id']"
                    }
                  }
                },
                "Set_variable:_Update_vSharePointListItemsArray": {
                  "runAfter": {
                    "Compose:_Union_results_with_existing_results": [
                      "Succeeded"
                    ]
                  },
                  "metadata": {
                    "operationMetadataId": "8b6da061-f72b-4768-bd7f-f5a9340bf32b"
                  },
                  "type": "SetVariable",
                  "inputs": {
                    "name": "vSharePointListItemsArray",
                    "value": "@outputs('Compose:_Union_results_with_existing_results')"
                  }
                },
                "Compose:_Union_results_with_existing_results": {
                  "runAfter": {
                    "Select:_Construct_ItemId_and_ApplicationId_object_array": [
                      "Succeeded"
                    ]
                  },
                  "metadata": {
                    "operationMetadataId": "82dc401b-c37e-429f-b1a9-7d41f145a4d0"
                  },
                  "type": "Compose",
                  "inputs": "@union(variables('vSharePointListItemsArray'),body('Select:_Construct_ItemId_and_ApplicationId_object_array'))"
                },
                "Set_variable:_Update_vSharePointListItemsUrl_to_empty": {
                  "runAfter": {
                    "HTTP:_Get_SharePoint_List_Items": [
                      "Failed",
                      "Skipped",
                      "TimedOut"
                    ]
                  },
                  "metadata": {
                    "operationMetadataId": "19984834-39cc-4a14-ab45-8cd67034edfe"
                  },
                  "type": "SetVariable",
                  "inputs": {
                    "name": "vSharePointListItemsUrl",
                    "value": "@{string(null)}"
                  }
                }
              },
              "expression": "@equals(variables('vSharePointListItemsUrl'), '')",
              "limit": {
                "count": 5000,
                "timeout": "PT24H"
              },
              "metadata": {
                "operationMetadataId": "caecc99f-5afd-4c95-b120-8739c39aa062"
              },
              "type": "Until"
            },
            "Compose:_Construct_ListItem_Root": {
              "runAfter": {
                "Do_until:_All_SharePoint_List_Items_Returned": [
                  "Succeeded"
                ]
              },
              "metadata": {
                "operationMetadataId": "96cd4855-b420-4c42-be8f-9130adc8c7db"
              },
              "type": "Compose",
              "inputs": {
                "root": {
                  "listItem": "@variables('vSharePointListItemsArray')"
                }
              }
            },
            "Compose:_Construct_ListItem_Xml": {
              "runAfter": {
                "Compose:_Construct_ListItem_Root": [
                  "Succeeded"
                ]
              },
              "metadata": {
                "operationMetadataId": "03eab625-3e21-4c8a-a958-0bcd5398d256"
              },
              "type": "Compose",
              "inputs": "@xml(outputs('Compose:_Construct_ListItem_Root'))"
            }
          },
          "runAfter": {
            "Scope:_Retrieve_Client_Secret": [
              "Succeeded",
              "Failed"
            ]
          },
          "metadata": {
            "operationMetadataId": "3be2d901-3b17-408e-b17b-7b3cf7b93c5b"
          },
          "type": "Scope",
          "description": "Enumerate all the SharePoint list items and build a cache of ApplicationId/ItemId values "
        },
        "Scope:_Enumerate_App_Registrations": {
          "actions": {
            "Filter_array:_Exists_in_SharePoint_List": {
              "runAfter": {
                "Compose:_App_Registrations": [
                  "Succeeded"
                ]
              },
              "metadata": {
                "operationMetadataId": "407d9e7d-8eaa-4f63-920b-5bde318f6b7c"
              },
              "type": "Query",
              "inputs": {
                "from": "@outputs('Compose:_App_Registrations')",
                "where": "@not(equals(item().itemId, null))"
              }
            },
            "Compose:_App_Registrations": {
              "metadata": {
                "operationMetadataId": "2c1d991b-1316-424c-bcf5-ab934eb64931"
              },
              "type": "Compose",
              "inputs": "@body('Select:_Add_ItemId_property_to_objects')"
            },
            "Filter_array:_Does_Not_Exist_in_SharePoint_List": {
              "runAfter": {
                "Compose:_App_Registrations": [
                  "Succeeded"
                ]
              },
              "metadata": {
                "operationMetadataId": "13166ee4-4c16-4586-9689-c5d53a0eb3f4"
              },
              "type": "Query",
              "inputs": {
                "from": "@outputs('Compose:_App_Registrations')",
                "where": "@equals(item().itemId, null)"
              }
            },
            "Apply_to_each:_Matching_item_in_list": {
              "foreach": "@body('Filter_array:_Exists_in_SharePoint_List')",
              "actions": {
                "Select:_SharePoint_Delegated_Roles": {
                  "runAfter": {
                    "Select:_SharePoint_Application_Roles": [
                      "Succeeded"
                    ]
                  },
                  "metadata": {
                    "operationMetadataId": "2a7dbcc8-e774-40a7-95ba-0827d5d0bab4"
                  },
                  "type": "Select",
                  "inputs": {
                    "from": "@items('Apply_to_each:_Matching_item_in_list')?['spoDelegatedPermissions']",
                    "select": "@first(xpath( outputs('Compose:_Role_Lookup_Xml'), concat( '//roles[id=''', item(), ''']/displayName/text()') ))"
                  }
                },
                "Select:_Graph_Application_Roles": {
                  "runAfter": {
                    "Select:_SharePoint_Delegated_Roles": [
                      "Succeeded"
                    ]
                  },
                  "metadata": {
                    "operationMetadataId": "ecef6030-53b5-4933-ab66-fb841a9606e0"
                  },
                  "type": "Select",
                  "inputs": {
                    "from": "@items('Apply_to_each:_Matching_item_in_list')?['graphApplicationPermissions']",
                    "select": "@first(xpath( outputs('Compose:_Role_Lookup_Xml'), concat( '//roles[id=''', item(), ''']/displayName/text()') ))"
                  }
                },
                "Select:_Graph_Delegated_Roles": {
                  "runAfter": {
                    "Select:_Graph_Application_Roles": [
                      "Succeeded"
                    ]
                  },
                  "metadata": {
                    "operationMetadataId": "5c38a7e3-c57b-4620-b47a-d49832ec67e7"
                  },
                  "type": "Select",
                  "inputs": {
                    "from": "@items('Apply_to_each:_Matching_item_in_list')?['graphDelegatedPermissions']",
                    "select": "@first(xpath( outputs('Compose:_Role_Lookup_Xml'), concat( '//roles[id=''', item(), ''']/displayName/text()') ))"
                  },
                  "description": "first(xpath( outputs('Compose:_Role_Lookup_Xml'), concat( '//roles[id=''', item(), ''']/displayName/text()') ))"
                },
                "HTTP:_Update_Existing_SharePoint_List_Item": {
                  "runAfter": {
                    "Select:_Graph_Delegated_Roles": [
                      "Succeeded"
                    ]
                  },
                  "metadata": {
                    "operationMetadataId": "b8d7d9c6-e729-4c18-8d60-2d5d70bafc7e"
                  },
                  "type": "Http",
                  "inputs": {
                    "uri": "https://graph.microsoft.com/v1.0/sites/@{variables('vSiteId')}:/lists/@{parameters('SharePoint - List Name (app_SharePointListName)')}/items/@{ items('Apply_to_each:_Matching_item_in_list').itemId}/fields",
                    "method": "PATCH",
                    "headers": {
                      "accept": "application/json",
                      "content-type": "application/json"
                    },
                    "body": {
                      "ApplicationName": "@items('Apply_to_each:_Matching_item_in_list')?['applicationName']",
                      "GraphDelegatedPermissions@odata.type": "Collection(Edm.String)",
                      "GraphDelegatedPermissions": "@intersection(body('Select:_Graph_Delegated_Roles'), body('Select:_Permission_Names') )",
                      "GraphApplicationPermissions@odata.type": "Collection(Edm.String)",
                      "GraphApplicationPermissions": "@intersection(body('Select:_Graph_Application_Roles'), body('Select:_Permission_Names') )",
                      "SharePointDelegatedPermissions@odata.type": "Collection(Edm.String)",
                      "SharePointDelegatedPermissions": "@intersection(body('Select:_SharePoint_Delegated_Roles'), body('Select:_Permission_Names') )",
                      "SharePointApplicationPermissions@odata.type": "Collection(Edm.String)",
                      "SharePointApplicationPermissions": "@intersection(body('Select:_SharePoint_Application_Roles'), body('Select:_Permission_Names') )",
                      "InternalNotes": "@items('Apply_to_each:_Matching_item_in_list')?['internalNotes']",
                      "SecretExpDate": "@items('Apply_to_each:_Matching_item_in_list')?['secretEndDateTime']",
                      "CertExpDate": "@items('Apply_to_each:_Matching_item_in_list')?['certificateEndDateTime']"
                    },
                    "authentication": {
                      "type": "ActiveDirectoryOAuth",
                      "tenant": "@parameters('Authentication - Tenant Id (app_AuthenticationTenantId)')",
                      "audience": "https://graph.microsoft.com",
                      "clientId": "@parameters('Authentication - Client Id (app_AuthenticationClientId)')",
                      "secret": "@variables('vClientSecret')"
                    }
                  }
                },
                "Compose:_Current_existing_item": {
                  "metadata": {
                    "operationMetadataId": "42275a49-8787-4353-9e69-d643287e779f"
                  },
                  "type": "Compose",
                  "inputs": "@items('Apply_to_each:_Matching_item_in_list')"
                },
                "Select:_SharePoint_Application_Roles": {
                  "runAfter": {
                    "Compose:_Current_existing_item": [
                      "Succeeded"
                    ]
                  },
                  "metadata": {
                    "operationMetadataId": "1add1486-4be9-4b3b-a927-78d56eaff226"
                  },
                  "type": "Select",
                  "inputs": {
                    "from": "@items('Apply_to_each:_Matching_item_in_list')?['spoApplicationPermissions']",
                    "select": "@first(xpath( outputs('Compose:_Role_Lookup_Xml'), concat( '//roles[id=''', item(), ''']/displayName/text()') ))"
                  }
                }
              },
              "runAfter": {
                "Filter_array:_Exists_in_SharePoint_List": [
                  "Succeeded"
                ]
              },
              "metadata": {
                "operationMetadataId": "3cfb27ca-b794-43d6-b959-d5ca0a17b64f"
              },
              "type": "Foreach",
              "runtimeConfiguration": {
                "concurrency": {
                  "repetitions": 20
                }
              }
            },
            "Apply_to_each:_New_Item_in_list": {
              "foreach": "@body('Filter_array:_Does_Not_Exist_in_SharePoint_List')",
              "actions": {
                "Compose:_Current_new_Iitem": {
                  "metadata": {
                    "operationMetadataId": "72054cff-fc1b-4347-994f-e9dcc927005a"
                  },
                  "type": "Compose",
                  "inputs": "@items('Apply_to_each:_New_Item_in_list')"
                },
                "Select:_New_SharePoint_Application_Roles": {
                  "runAfter": {
                    "Compose:_Current_new_Iitem": [
                      "Succeeded"
                    ]
                  },
                  "metadata": {
                    "operationMetadataId": "bed96367-19be-4954-ac3f-b746674dbd06"
                  },
                  "type": "Select",
                  "inputs": {
                    "from": "@items('Apply_to_each:_New_Item_in_list')['spoApplicationPermissions']",
                    "select": "@first(xpath( outputs('Compose:_Role_Lookup_Xml'), concat( '//roles[id=''', item(), ''']/displayName/text()') ))"
                  }
                },
                "Select:_New_SharePoint_Delegated_Roles": {
                  "runAfter": {
                    "Select:_New_SharePoint_Application_Roles": [
                      "Succeeded"
                    ]
                  },
                  "metadata": {
                    "operationMetadataId": "d8d5db0f-fbdc-4010-810b-ec0a62d8e0d4"
                  },
                  "type": "Select",
                  "inputs": {
                    "from": "@items('Apply_to_each:_New_Item_in_list')['spoDelegatedPermissions']",
                    "select": "@first(xpath( outputs('Compose:_Role_Lookup_Xml'), concat( '//roles[id=''', item(), ''']/displayName/text()') ))"
                  }
                },
                "Select:_New_Graph_Application_Roles": {
                  "runAfter": {
                    "Select:_New_SharePoint_Delegated_Roles": [
                      "Succeeded"
                    ]
                  },
                  "metadata": {
                    "operationMetadataId": "abb9bcb2-f948-4066-8538-d59a85732d69"
                  },
                  "type": "Select",
                  "inputs": {
                    "from": "@items('Apply_to_each:_New_Item_in_list')['graphApplicationPermissions']",
                    "select": "@first(xpath( outputs('Compose:_Role_Lookup_Xml'), concat( '//roles[id=''', item(), ''']/displayName/text()') ))"
                  }
                },
                "Select:_New_Graph_Delegated_Roles": {
                  "runAfter": {
                    "Select:_New_Graph_Application_Roles": [
                      "Succeeded"
                    ]
                  },
                  "metadata": {
                    "operationMetadataId": "09093718-3eea-4676-82c0-3376a6215845"
                  },
                  "type": "Select",
                  "inputs": {
                    "from": "@items('Apply_to_each:_New_Item_in_list')['graphDelegatedPermissions']",
                    "select": "@first(xpath( outputs('Compose:_Role_Lookup_Xml'), concat( '//roles[id=''', item(), ''']/displayName/text()') ))"
                  }
                },
                "HTTP:_Insert_New_App_Registration_Into_SharePoint_List": {
                  "runAfter": {
                    "Select:_New_Graph_Delegated_Roles": [
                      "Succeeded"
                    ]
                  },
                  "metadata": {
                    "operationMetadataId": "ec0cff83-198a-40d4-88ba-fd7ed81e6bee"
                  },
                  "type": "Http",
                  "inputs": {
                    "uri": "https://graph.microsoft.com/v1.0/sites/@{variables('vSiteId')}:/lists/@{parameters('SharePoint - List Name (app_SharePointListName)')}/items",
                    "method": "POST",
                    "headers": {
                      "accept": "application/json",
                      "content-type": "application/json"
                    },
                    "body": {
                      "fields": {
                        "ObjectId": "@items('Apply_to_each:_New_Item_in_list')['objectId']",
                        "ApplicationId": "@items('Apply_to_each:_New_Item_in_list')['applicationId']",
                        "ApplicationName": "@items('Apply_to_each:_New_Item_in_list')['applicationName']",
                        "CreatedDate": "@items('Apply_to_each:_New_Item_in_list')?['createdDate']",
                        "GraphDelegatedPermissions@odata.type": "Collection(Edm.String)",
                        "GraphDelegatedPermissions": "@intersection(body('Select:_New_Graph_Delegated_Roles'), body('Select:_Permission_Names') )",
                        "GraphApplicationPermissions@odata.type": "Collection(Edm.String)",
                        "GraphApplicationPermissions": "@intersection(body('Select:_New_Graph_Application_Roles'), body('Select:_Permission_Names') )",
                        "SharePointDelegatedPermissions@odata.type": "Collection(Edm.String)",
                        "SharePointDelegatedPermissions": "@intersection(body('Select:_New_SharePoint_Delegated_Roles'), body('Select:_Permission_Names') )",
                        "SharePointApplicationPermissions@odata.type": "Collection(Edm.String)",
                        "SharePointApplicationPermissions": "@intersection(body('Select:_New_SharePoint_Application_Roles'), body('Select:_Permission_Names') )",
                        "InternalNotes": "@items('Apply_to_each:_New_Item_in_list')?['internalNotes']",
                        "SecretExpDate": "@items('Apply_to_each:_New_Item_in_list')['secretEndDateTime']",
                        "CertExpDate": "@items('Apply_to_each:_New_Item_in_list')['certificateEndDateTime']"
                      }
                    },
                    "authentication": {
                      "type": "ActiveDirectoryOAuth",
                      "tenant": "@parameters('Authentication - Tenant Id (app_AuthenticationTenantId)')",
                      "audience": "https://graph.microsoft.com",
                      "clientId": "@parameters('Authentication - Client Id (app_AuthenticationClientId)')",
                      "secret": "@variables('vClientSecret')"
                    }
                  }
                }
              },
              "runAfter": {
                "Filter_array:_Does_Not_Exist_in_SharePoint_List": [
                  "Succeeded"
                ]
              },
              "metadata": {
                "operationMetadataId": "116f7b64-5775-41dc-8257-53dcc93f85bb"
              },
              "type": "Foreach",
              "runtimeConfiguration": {
                "concurrency": {
                  "repetitions": 20
                }
              }
            }
          },
          "runAfter": {
            "Scope:_Reshape_data": [
              "Succeeded"
            ]
          },
          "metadata": {
            "operationMetadataId": "4c11a61d-859b-419d-8600-68c098b87c03"
          },
          "type": "Scope"
        },
        "Scope:_Reshape_data": {
          "actions": {
            "Select:_Add_ItemId_property_to_objects": {
              "metadata": {
                "operationMetadataId": "a29da691-b9dd-41f9-a8e2-cfb864b27152"
              },
              "type": "Select",
              "inputs": {
                "from": "@variables('vAppRegistrationsArray')",
                "select": "@addProperty(item(), 'itemId', first(xpath(outputs('Compose:_Construct_ListItem_Xml'), concat( '//listItem[applicationId=''', item()?['applicationId'], ''']/itemId/text()'))))"
              }
            }
          },
          "runAfter": {
            "Scope:_Get_SharePoint_List_Items": [
              "Succeeded"
            ],
            "Scope:_Sync_Entra_Id_App_Registrations": [
              "Succeeded"
            ]
          },
          "metadata": {
            "operationMetadataId": "ca932c18-b9eb-409f-ab96-71ee61410e7c"
          },
          "type": "Scope"
        },
        "Select:_Permission_Names": {
          "runAfter": {
            "Filter_array_-_Graph_Permissions": [
              "Succeeded"
            ]
          },
          "metadata": {
            "operationMetadataId": "f3575fc8-65b8-45d6-ad00-d9a5b964b5fe"
          },
          "type": "Select",
          "inputs": {
            "from": "@outputs('Compose:_vSharePointOnlineAndGraphPermissionMatrix')",
            "select": "@item().displayName"
          }
        },
        "Select:_Permission_Ids": {
          "runAfter": {
            "Select:_Permission_Names": [
              "Succeeded"
            ]
          },
          "metadata": {
            "operationMetadataId": "82b8645e-5aa0-44a6-9a32-0dd663488553"
          },
          "type": "Select",
          "inputs": {
            "from": "@body('Filter_array_-_Graph_Permissions')",
            "select": "@item().id"
          }
        },
        "Compose:_Role_Lookup_Root": {
          "runAfter": {
            "Select:_Permission_Ids": [
              "Succeeded"
            ]
          },
          "metadata": {
            "operationMetadataId": "032518b1-8d22-42ba-9f98-bb354d538b18"
          },
          "type": "Compose",
          "inputs": {
            "root": {
              "roles": "@outputs('Compose:_vSharePointOnlineAndGraphPermissionMatrix')"
            }
          }
        },
        "Compose:_Role_Lookup_Xml": {
          "runAfter": {
            "Compose:_Role_Lookup_Root": [
              "Succeeded"
            ]
          },
          "metadata": {
            "operationMetadataId": "4340dc41-aad7-4d9e-9fc9-8e1b6b311134"
          },
          "type": "Compose",
          "inputs": "@xml(outputs('Compose:_Role_Lookup_Root'))"
        },
        "Initialize_variable:_vSharePointListItemsUrl": {
          "runAfter": {
            "Compose:_Role_Lookup_Xml": [
              "Succeeded"
            ]
          },
          "metadata": {
            "operationMetadataId": "555227af-abd7-41ed-8169-9bb7c90cb78f"
          },
          "type": "InitializeVariable",
          "inputs": {
            "variables": [
              {
                "name": "vSharePointListItemsUrl",
                "type": "string",
                "value": "https://graph.microsoft.com/v1.0/sites/@{variables('vSiteId')}:/lists/@{parameters('SharePoint - List Name (app_SharePointListName)')}/items?expand=fields(select=Id,ApplicationId)&$select=fields,id&$top=500"
              }
            ]
          }
        },
        "Filter_array_-_SharePoint_Permissions": {
          "runAfter": {
            "Compose:_vSharePointOnlineAndGraphPermissionMatrix": [
              "Succeeded"
            ]
          },
          "type": "Query",
          "inputs": {
            "from": "@outputs('Compose:_vSharePointOnlineAndGraphPermissionMatrix')",
            "where": "@equals(item()?['api'],'SharePoint')"
          }
        },
        "Filter_array_-_Graph_Permissions": {
          "runAfter": {
            "Filter_array_-_SharePoint_Permissions": [
              "Succeeded"
            ]
          },
          "type": "Query",
          "inputs": {
            "from": "@outputs('Compose:_vSharePointOnlineAndGraphPermissionMatrix')",
            "where": "@equals(item()?['api'],'Microsoft Graph')"
          }
        },
        "Scope_-_Remove_existing_list_items_with_no_permissions_": {
          "actions": {
            "Select_-_Applications_With_Permission_In_SharePoint_List": {
              "type": "Select",
              "inputs": {
                "from": "@body('Filter_array:_Exists_in_SharePoint_List')",
                "select": "@item()?['applicationid']"
              }
            },
            "Select_-_Applications_In_SharePoint_List": {
              "runAfter": {
                "Select_-_Applications_With_Permission_In_SharePoint_List": [
                  "Succeeded"
                ]
              },
              "type": "Select",
              "inputs": {
                "from": "@variables('vSharePointListItemsArray')",
                "select": "@item()?['applicationId']"
              }
            },
            "Filter_array_-_Get_list_items_with_no_permissions": {
              "runAfter": {
                "Select_-_Applications_In_SharePoint_List": [
                  "Succeeded"
                ]
              },
              "type": "Query",
              "inputs": {
                "from": "@body('Select_-_Applications_In_SharePoint_List')",
                "where": "@not(contains(body('Select_-_Applications_With_Permission_In_SharePoint_List'),item()))"
              }
            },
            "Select_-_Construct_ApplicationId_and_ItemId_Object_Array": {
              "runAfter": {
                "Filter_array_-_Get_list_items_with_no_permissions": [
                  "Succeeded"
                ]
              },
              "type": "Select",
              "inputs": {
                "from": "@body('Filter_array_-_Get_list_items_with_no_permissions')",
                "select": {
                  "applicationId": "@item()",
                  "itemId": "@first(xpath( outputs('Compose:_Construct_ListItem_Xml'), concat( '//listItem[applicationId=''', item(), ''']/itemId/text()')))"
                }
              }
            },
            "Apply_to_each_-_List_item_to_delete": {
              "foreach": "@body('Select_-_Construct_ApplicationId_and_ItemId_Object_Array')",
              "actions": {
                "HTTP_-_Delete_List_Item": {
                  "type": "Http",
                  "inputs": {
                    "uri": "https://graph.microsoft.com/v1.0/sites/@{variables('vSiteId')}:/lists/@{parameters('SharePoint - List Name (app_SharePointListName)')}/items/@{items('Apply_to_each_-_List_item_to_delete')?['itemId']}",
                    "method": "DELETE",
                    "authentication": {
                      "type": "ActiveDirectoryOAuth",
                      "tenant": "@{parameters('Authentication - Tenant Id (app_AuthenticationTenantId)')}",
                      "audience": "https://graph.microsoft.com",
                      "clientId": "@{parameters('Authentication - Client Id (app_AuthenticationClientId)')}",
                      "secret": "@{parameters('Authentication - Secret (Plaintext) (app_AuthenticationSecretPlaintext)')}"
                    }
                  },
                  "runtimeConfiguration": {
                    "contentTransfer": {
                      "transferMode": "Chunked"
                    }
                  }
                }
              },
              "runAfter": {
                "Select_-_Construct_ApplicationId_and_ItemId_Object_Array": [
                  "Succeeded"
                ]
              },
              "type": "Foreach"
            }
          },
          "runAfter": {
            "Scope:_Enumerate_App_Registrations": [
              "Succeeded"
            ]
          },
          "type": "Scope"
        }
      }
    },
    "templateName": null
  },
  "schemaVersion": "1.0.0.0"
}