{
  "properties": {
    "connectionReferences": {
      "shared_commondataserviceforapps": {
        "runtimeSource": "embedded",
        "connection": {
          "connectionReferenceLogicalName": "app_sharedcommondataserviceforapps_8a152"
        },
        "api": {
          "name": "shared_commondataserviceforapps"
        }
      }
    },
    "definition": {
      "$schema": "https://schema.management.azure.com/providers/Microsoft.Logic/schemas/2016-06-01/workflowdefinition.json#",
      "contentVersion": "1.0.0.0",
      "parameters": {
        "$authentication": {
          "defaultValue": {},
          "type": "SecureObject"
        },
        "$connections": {
          "defaultValue": {},
          "type": "Object"
        },
        "Authentication - Secret (Plaintext) (app_AuthenticationSecretPlaintext)": {
          "defaultValue": "Y-Y8Q~RJ84AHLR20jm~uTjhCHY13oIGutPY_5aBJ",
          "type": "String",
          "metadata": {
            "schemaName": "app_AuthenticationSecretPlaintext"
          }
        },
        "SharePoint - SiteUrl (app_SharePointSiteUrl)": {
          "defaultValue": "https://josrod.sharepoint.com/sites/graph-api-automation",
          "type": "String",
          "metadata": {
            "schemaName": "app_SharePointSiteUrl"
          }
        },
        "Authentication - Client Id (app_AuthenticationClientId)": {
          "defaultValue": "8f4c4ea3-f181-4330-954a-9f976a0ce6f7",
          "type": "String",
          "metadata": {
            "schemaName": "app_AuthenticationClientId"
          }
        },
        "SharePoint - List Name (app_SharePointListName)": {
          "defaultValue": "SharePoint Application Principals",
          "type": "String",
          "metadata": {
            "schemaName": "app_SharePointListName"
          }
        },
        "Authentication - Tenant Id (app_AuthenticationTenantId)": {
          "defaultValue": "1316cd1f-b0c7-4253-a7f3-ccc9041aaaf9",
          "type": "String",
          "metadata": {
            "schemaName": "app_AuthenticationTenantId"
          }
        }
      },
      "triggers": {
        "Recurrence": {
          "recurrence": {
            "frequency": "Day",
            "interval": 1,
            "timeZone": "Eastern Standard Time",
            "schedule": {
              "hours": [
                "23"
              ]
            }
          },
          "metadata": {
            "operationMetadataId": "e8768ab6-16cb-4fc6-bdd1-5cdc1827564c"
          },
          "type": "Recurrence"
        }
      },
      "actions": {
        "Initialize_variable:_vClientSecret": {
          "runAfter": {},
          "metadata": {
            "operationMetadataId": "87b9846a-1f1c-418a-ab25-ea8918a6422a"
          },
          "type": "InitializeVariable",
          "inputs": {
            "variables": [
              {
                "name": "vClientSecret",
                "type": "string"
              }
            ]
          }
        },
        "Initialize_variable:_vSiteId": {
          "runAfter": {
            "Initialize_variable:_vSiteUrl": [
              "Succeeded"
            ]
          },
          "metadata": {
            "operationMetadataId": "81146c75-a38e-483d-a289-8dd5b6c2da54"
          },
          "type": "InitializeVariable",
          "inputs": {
            "variables": [
              {
                "name": "vSiteId",
                "type": "string",
                "value": "@{concat(uriHost(variables('vSiteUrl')), ':', uriPath(variables('vSiteUrl')))}"
              }
            ]
          },
          "description": "Converts \"https://contoso.sharepoint.com/sites/teamsite\" to \"contoso.sharepoint.com:/sites/teamsite\" "
        },
        "Scope:_Retrieve_Client_Secret": {
          "actions": {
            "Perform_an_unbound_action:_Attempt_to_read_Secret_from_Azure_Key_Vault": {
              "metadata": {
                "operationMetadataId": "742da676-5110-46a0-899f-1bc64a04c9c1"
              },
              "type": "OpenApiConnection",
              "inputs": {
                "parameters": {
                  "actionName": "RetrieveEnvironmentVariableSecretValue",
                  "item/EnvironmentVariableName": "app_AuthenticationSecretAzureKeyVault"
                },
                "host": {
                  "apiId": "/providers/Microsoft.PowerApps/apis/shared_commondataserviceforapps",
                  "operationId": "PerformUnboundAction",
                  "connectionName": "shared_commondataserviceforapps"
                }
              },
              "runtimeConfiguration": {
                "secureData": {
                  "properties": [
                    "outputs"
                  ]
                }
              }
            },
            "Set_variable:_Update_vClientSecret_with_Value_Retuned_from_AKV": {
              "runAfter": {
                "Perform_an_unbound_action:_Attempt_to_read_Secret_from_Azure_Key_Vault": [
                  "Succeeded"
                ]
              },
              "metadata": {
                "operationMetadataId": "4f4c216a-1b12-4d4f-a456-e1aaec657c0f"
              },
              "type": "SetVariable",
              "inputs": {
                "name": "vClientSecret",
                "value": "@outputs('Perform_an_unbound_action:_Attempt_to_read_Secret_from_Azure_Key_Vault')?['body/EnvironmentVariableSecretValue']"
              }
            },
            "Set_variable:_Update_vClientSecret_with_Plaintext_Environment_Variable": {
              "runAfter": {
                "Perform_an_unbound_action:_Attempt_to_read_Secret_from_Azure_Key_Vault": [
                  "Failed"
                ]
              },
              "metadata": {
                "operationMetadataId": "fcba7e32-3f3f-4596-8206-1d09c91686ef"
              },
              "type": "SetVariable",
              "inputs": {
                "name": "vClientSecret",
                "value": "@parameters('Authentication - Secret (Plaintext) (app_AuthenticationSecretPlaintext)')"
              }
            }
          },
          "runAfter": {
            "Initialize_variable:_vGraphApiBatchRequests": [
              "Succeeded"
            ]
          },
          "metadata": {
            "operationMetadataId": "2190bd87-4180-4679-905a-6f7833a00415"
          },
          "type": "Scope",
          "description": "Check the app_AuthenticationSecretAzureKeyVault environment var for a AKV secret, failback to the app_AuthenticationSecretPlaintext"
        },
        "Initialize_variable:_vSiteUrl": {
          "runAfter": {
            "Initialize_variable:_vClientSecret": [
              "Succeeded"
            ]
          },
          "metadata": {
            "operationMetadataId": "84252b53-d29e-44c7-904a-33b92f4e66e5"
          },
          "type": "InitializeVariable",
          "inputs": {
            "variables": [
              {
                "name": "vSiteUrl",
                "type": "string",
                "value": "@parameters('SharePoint - SiteUrl (app_SharePointSiteUrl)')"
              }
            ]
          },
          "description": "Full URL of the SharePoint site containing the SharePoint list storing the information"
        },
        "Scope:_Get_SharePoint_List_Items": {
          "actions": {
            "Do_until:_All_SharePoint_List_Items_Returned": {
              "actions": {
                "HTTP:_Get_SharePoint_List_Items": {
                  "metadata": {
                    "operationMetadataId": "e2908e66-550c-4d99-9da2-714786543046"
                  },
                  "type": "Http",
                  "inputs": {
                    "uri": "@variables('vSharePointListItemsUrl')",
                    "method": "GET",
                    "headers": {
                      "accept": "application/json"
                    },
                    "authentication": {
                      "type": "ActiveDirectoryOAuth",
                      "tenant": "@parameters('Authentication - Tenant Id (app_AuthenticationTenantId)')",
                      "audience": "https://graph.microsoft.com",
                      "clientId": "@parameters('Authentication - Client Id (app_AuthenticationClientId)')",
                      "secret": "@variables('vClientSecret')"
                    }
                  },
                  "description": "Get all list items from the SharePoint list"
                },
                "Set_variable:_Update_vSharePointListItemsUrl_with_@odata.nextLink": {
                  "runAfter": {
                    "HTTP:_Get_SharePoint_List_Items": [
                      "Succeeded"
                    ]
                  },
                  "metadata": {
                    "operationMetadataId": "c3c4d81a-c77e-4235-a019-e6c307419651"
                  },
                  "type": "SetVariable",
                  "inputs": {
                    "name": "vSharePointListItemsUrl",
                    "value": "@{body('HTTP:_Get_SharePoint_List_Items')?['@odata.nextLink']}"
                  }
                },
                "Select:_Generate_an_array_of_Graph_Batch_Requests": {
                  "runAfter": {
                    "Set_variable:_Update_vSharePointListItemsUrl_with_@odata.nextLink": [
                      "Succeeded"
                    ]
                  },
                  "metadata": {
                    "operationMetadataId": "2c6569c6-9143-4d16-be32-5bdec173779f"
                  },
                  "type": "Select",
                  "inputs": {
                    "from": "@body('HTTP:_Get_SharePoint_List_Items')?['value']",
                    "select": {
                      "id": "@concat(item()?['fields']?['Id'], '|',item()?['fields']?['ApplicationId'])",
                      "method": "GET",
                      "url": "@concat('/reports/servicePrincipalSignInActivities?$filter=appId eq ''', item()?['fields']?['ApplicationId'],'''')"
                    }
                  }
                },
                "Set_variable:_Update_vGraphApiBatchRequests": {
                  "runAfter": {
                    "Compose:_Union_results_with_existing_results": [
                      "Succeeded"
                    ]
                  },
                  "metadata": {
                    "operationMetadataId": "8b6da061-f72b-4768-bd7f-f5a9340bf32b"
                  },
                  "type": "SetVariable",
                  "inputs": {
                    "name": "vGraphApiBatchRequests",
                    "value": "@outputs('Compose:_Union_results_with_existing_results')"
                  }
                },
                "Compose:_Union_results_with_existing_results": {
                  "runAfter": {
                    "Select:_Generate_an_array_of_Graph_Batch_Requests": [
                      "Succeeded"
                    ]
                  },
                  "metadata": {
                    "operationMetadataId": "82dc401b-c37e-429f-b1a9-7d41f145a4d0"
                  },
                  "type": "Compose",
                  "inputs": "@union(variables('vGraphApiBatchRequests'), body('Select:_Generate_an_array_of_Graph_Batch_Requests'))"
                },
                "Set_variable:_Update_vSharePointListItemsUrl_to_empty": {
                  "runAfter": {
                    "HTTP:_Get_SharePoint_List_Items": [
                      "Failed",
                      "Skipped",
                      "TimedOut"
                    ]
                  },
                  "metadata": {
                    "operationMetadataId": "19984834-39cc-4a14-ab45-8cd67034edfe"
                  },
                  "type": "SetVariable",
                  "inputs": {
                    "name": "vSharePointListItemsUrl",
                    "value": "@{string(null)}"
                  }
                }
              },
              "expression": "@equals(variables('vSharePointListItemsUrl'), '')",
              "limit": {
                "count": 5000,
                "timeout": "PT24H"
              },
              "metadata": {
                "operationMetadataId": "caecc99f-5afd-4c95-b120-8739c39aa062"
              },
              "type": "Until"
            }
          },
          "runAfter": {
            "Scope:_Retrieve_Client_Secret": [
              "Succeeded",
              "Failed"
            ]
          },
          "metadata": {
            "operationMetadataId": "3be2d901-3b17-408e-b17b-7b3cf7b93c5b"
          },
          "type": "Scope",
          "description": "Enumerate all the SharePoint list items and build a cache of ApplicationId/ItemId values "
        },
        "Initialize_variable:_vGraphApiBatchRequests": {
          "runAfter": {
            "Initialize_variable:_vSharePointListItemsUrl": [
              "Succeeded"
            ]
          },
          "metadata": {
            "operationMetadataId": "b2106a01-d86a-4f53-949f-d8d9da81c9e8"
          },
          "type": "InitializeVariable",
          "inputs": {
            "variables": [
              {
                "name": "vGraphApiBatchRequests",
                "type": "array"
              }
            ]
          }
        },
        "Initialize_variable:_vSharePointListItemsUrl": {
          "runAfter": {
            "Initialize_variable:_vSiteId": [
              "Succeeded"
            ]
          },
          "metadata": {
            "operationMetadataId": "46ed6543-77ef-4e92-82d8-c65a6ad7f929"
          },
          "type": "InitializeVariable",
          "inputs": {
            "variables": [
              {
                "name": "vSharePointListItemsUrl",
                "type": "string",
                "value": "https://graph.microsoft.com/v1.0/sites/@{variables('vSiteId')}:/lists/@{parameters('SharePoint - List Name (app_SharePointListName)')}/items?expand=fields(select=Id,ApplicationId,LastSignInActivity)&$select=fields,id&$top=500"
              }
            ]
          }
        },
        "Scope:_Execute_Graph_Batch_Requests": {
          "actions": {
            "Compose:_Chunk_Graph_Requests": {
              "metadata": {
                "operationMetadataId": "bf5eae21-1292-4958-9004-164a682b5e79"
              },
              "type": "Compose",
              "inputs": "@chunk(variables('vGraphApiBatchRequests'), 20)",
              "description": "Chunk the Graph objects into batches of 20 to use with the $batch endpoint"
            },
            "Apply_to_each:_Enumerate_Batches": {
              "foreach": "@outputs('Compose:_Chunk_Graph_Requests')",
              "actions": {
                "HTTP:_Execute_Graph_Batch_Request": {
                  "metadata": {
                    "operationMetadataId": "6b0c7895-7b78-402b-9e76-e17a5430081f"
                  },
                  "type": "Http",
                  "inputs": {
                    "uri": "https://graph.microsoft.com/beta/$batch",
                    "method": "POST",
                    "headers": {
                      "accept": "application/json",
                      "content-type": "application/json"
                    },
                    "body": {
                      "requests": "@items('Apply_to_each:_Enumerate_Batches')"
                    },
                    "authentication": {
                      "type": "ActiveDirectoryOAuth",
                      "tenant": "@parameters('Authentication - Tenant Id (app_AuthenticationTenantId)')",
                      "audience": "https://graph.microsoft.com",
                      "clientId": "@parameters('Authentication - Client Id (app_AuthenticationClientId)')",
                      "secret": "@variables('vClientSecret')"
                    }
                  },
                  "description": "Call Microsoft Graph to fetch all application permissions assigned to the site "
                },
                "Compose:_Batch_request_failed": {
                  "runAfter": {
                    "HTTP:_Execute_Graph_Batch_Request": [
                      "Failed"
                    ]
                  },
                  "metadata": {
                    "operationMetadataId": "0e68f89b-284d-4ef9-93f1-376f12dd2103"
                  },
                  "type": "Compose",
                  "inputs": "@body('HTTP:_Execute_Graph_Batch_Request')",
                  "description": "Track all HTTP errors "
                },
                "Filter_array:_Remove_failed_batch_responses": {
                  "runAfter": {
                    "HTTP:_Execute_Graph_Batch_Request": [
                      "Succeeded"
                    ]
                  },
                  "metadata": {
                    "operationMetadataId": "e5e56453-9670-4a8b-bcf7-c9aaa3c90cfd"
                  },
                  "type": "Query",
                  "inputs": {
                    "from": "@body('HTTP:_Execute_Graph_Batch_Request')?['responses']",
                    "where": "@equals(item()['status'], 200)"
                  },
                  "description": "Remove all responses that do not have a status of 200, some sites could read locked"
                },
                "Select:_Construct_Results_Object_Array": {
                  "runAfter": {
                    "Filter_array:_Remove_empty_values": [
                      "Succeeded"
                    ]
                  },
                  "metadata": {
                    "operationMetadataId": "b1339be2-fc54-447b-8d95-77dca2f2e093"
                  },
                  "type": "Select",
                  "inputs": {
                    "from": "@body('Filter_array:_Remove_empty_values')",
                    "select": {
                      "itemId": "@split(item()?['id'], '|')[0]",
                      "applicationId": "@split(item()?['id'], '|')[1]",
                      "lastSignInDateTime": "@if\r\n(\r\n\tgreater( length(item()?['body']?['value']), 0 ),\r\n        item()?['body']?['value'][0]?['lastSignInActivity']?['lastSignInDateTime'],\r\n        null\r\n)\r\n"
                    }
                  }
                },
                "Filter_array:_Remove_empty_values": {
                  "runAfter": {
                    "Filter_array:_Remove_failed_batch_responses": [
                      "Succeeded"
                    ]
                  },
                  "metadata": {
                    "operationMetadataId": "95affe54-299b-4cdf-bc63-b56613fcdff6"
                  },
                  "type": "Query",
                  "inputs": {
                    "from": "@body('HTTP:_Execute_Graph_Batch_Request')?['responses']",
                    "where": "@greater(length(item()['body']?['value']), 0)"
                  }
                }
              },
              "runAfter": {
                "Compose:_Chunk_Graph_Requests": [
                  "Succeeded"
                ]
              },
              "metadata": {
                "operationMetadataId": "ed9b3e35-7e7a-4b6c-afc5-52ea729757fd"
              },
              "type": "Foreach",
              "description": "Enumerate each batch of sites",
              "runtimeConfiguration": {
                "concurrency": {
                  "repetitions": 20
                }
              }
            },
            "Compose:_GUID": {
              "runAfter": {
                "Apply_to_each:_Enumerate_Batches": [
                  "Succeeded"
                ]
              },
              "metadata": {
                "operationMetadataId": "fefc492a-1033-4983-9e55-c19f469c95c9"
              },
              "type": "Compose",
              "inputs": "@guid()",
              "description": "GUID string used for string concat"
            },
            "Compose:_Join_unique_batch_results_into_single_array": {
              "runAfter": {
                "Compose:_GUID": [
                  "Succeeded"
                ]
              },
              "metadata": {
                "operationMetadataId": "7c8d7219-b065-4e32-9bf3-4e3b4631c2da"
              },
              "type": "Compose",
              "inputs": "@union(body('Select:_Construct_Results_Object_Array'),body('Select:_Construct_Results_Object_Array'))",
              "description": "Remove any duplicate entries"
            },
            "Filter_array:_Remove_any_NULL_entries": {
              "runAfter": {
                "Compose:_Construct_SiteUrl_and_ApplicationId_object_array": [
                  "Succeeded"
                ]
              },
              "metadata": {
                "operationMetadataId": "19cfd24b-a8be-4314-ab4d-23cd285e5816"
              },
              "type": "Query",
              "inputs": {
                "from": "@outputs('Compose:_Construct_SiteUrl_and_ApplicationId_object_array')",
                "where": "@not(equals(item(), null))"
              }
            },
            "Compose:_Construct_SiteUrl_and_ApplicationId_object_array": {
              "runAfter": {
                "Compose:_Join_unique_batch_results_into_single_array": [
                  "Succeeded"
                ]
              },
              "metadata": {
                "operationMetadataId": "d0f46d95-33d8-4aca-a31b-1cca6f07d9e2"
              },
              "type": "Compose",
              "inputs": "@json(replace(replace(join(outputs('Compose:_Join_unique_batch_results_into_single_array'), outputs('Compose:_GUID')), concat(outputs('Compose:_GUID'),'[]'), '' ), concat(']',outputs('Compose:_GUID'),'['),',' ))",
              "description": "Use string manipulation to transform array of nested arrays to single dimension array"
            }
          },
          "runAfter": {
            "Scope:_Get_SharePoint_List_Items": [
              "Succeeded"
            ]
          },
          "metadata": {
            "operationMetadataId": "f4288d9d-b30e-45fa-8310-d3503e3cabf2"
          },
          "type": "Scope"
        },
        "Scope:_Update_SharePoint_List_Items": {
          "actions": {
            "Apply_to_each:_Enumerate_App_Registrations": {
              "foreach": "@body('Filter_array:_Remove_any_NULL_entries')",
              "actions": {
                "HTTP:_Update_List_Item_LastSignInActivity": {
                  "metadata": {
                    "operationMetadataId": "d5a4db5c-de36-463f-8afb-2e040adee50f"
                  },
                  "type": "Http",
                  "inputs": {
                    "uri": "https://graph.microsoft.com/v1.0/sites/@{variables('vSiteId')}:/lists/@{parameters('SharePoint - List Name (app_SharePointListName)')}/items/@{items('Apply_to_each:_Enumerate_App_Registrations')['itemId']}/fields",
                    "method": "PATCH",
                    "headers": {
                      "accept": "application/json",
                      "content-type": "application/json"
                    },
                    "body": {
                      "LastSignInActivity": "@{items('Apply_to_each:_Enumerate_App_Registrations')['lastSignInDateTime']}"
                    },
                    "authentication": {
                      "type": "ActiveDirectoryOAuth",
                      "tenant": "@parameters('Authentication - Tenant Id (app_AuthenticationTenantId)')",
                      "audience": "https://graph.microsoft.com",
                      "clientId": "@parameters('Authentication - Client Id (app_AuthenticationClientId)')",
                      "secret": "@variables('vClientSecret')"
                    }
                  }
                }
              },
              "metadata": {
                "operationMetadataId": "000b895f-4a0a-47b9-a7f1-666385737c34"
              },
              "type": "Foreach"
            }
          },
          "runAfter": {
            "Scope:_Execute_Graph_Batch_Requests": [
              "Succeeded"
            ]
          },
          "metadata": {
            "operationMetadataId": "56d0cae6-41a0-41bc-8af4-91dbc04f09a0"
          },
          "type": "Scope"
        }
      }
    },
    "templateName": null
  },
  "schemaVersion": "1.0.0.0"
}